typeName;StartNumber
Free;0500
Free;0800
Free;0800013
Free;0800015
Free;08000160
Free;08000164
Free;08000165
Free;08000166
Free;0800017
Free;0800018
Free;0800019
Free;08000200
Free;08000202
Free;08000203
Free;08000204
Free;08000207
Free;08000208
Free;0800025
Free;0800026
Free;0800027
Free;0800028
Free;08000290
Free;08000310
Free;08000311
Free;08000316
Free;08000317
Free;08000319
Free;0800032
Free;08000330
Free;08000331
Free;08000332
Free;08000333
Free;08000334
Free;08000336
Free;0800034
Free;0800035
Free;0800036
Free;0800037
Free;0800038
Free;0800039
Free;08000400
Free;08000401
Free;08000403
Free;08000404
Free;08000406
Free;08000407
Free;08000408
Free;08000409
Free;08000410
Free;08000415
Free;0800042
Free;0800043
Free;08000440
Free;08000443
Free;08000444
Free;08000449
Free;0800045
Free;0800046
Free;0800048
Free;0800049
Free;08000500
Free;08000501
Free;08000502
Free;08000505
Free;08000506
Free;08000508
Free;0800051
Free;0800052
Free;0800053
Free;08000550
Free;08000551
Free;08000553
Free;08000554
Free;08000555
Free;08000556
Free;0800056
Free;0800057
Free;0800058
Free;0800059
Free;08000610
Free;08000612
Free;08000613
Free;08000620
Free;08000622
Free;08000626
Free;0800063
Free;0800064
Free;0800065
Free;08000660
Free;08000664
Free;08000665
Free;08000666
Free;08000669
Free;0800067
Free;0800068
Free;08000700
Free;08000706
Free;08000707
Free;08000709
Free;0800071
Free;0800072
Free;0800073
Free;0800074
Free;0800075
Free;0800076
Free;08000770
Free;08000771
Free;08000773
Free;08000776
Free;08000777
Free;08000778
Free;0800079
Free;08000800
Free;08000801
Free;08000808
Free;08000809
Free;0800081
Free;0800082
Free;0800083
Free;0800085
Free;08000860
Free;08000866
Free;08000867
Free;08000874
Free;08000877
Free;08000880
Free;08000887
Free;08000888
Free;0800089
Free;0800091
Free;0800092
Free;0800093
Free;0800094
Free;0800095
Free;0800096
Free;0800097
Free;0800098
Free;08000990
Free;08001020
Free;08001021
Free;08001022
Free;08001023
Free;08001024
Free;08001028
Free;08001030
Free;08001031
Free;08001033
Free;08001036
Free;08001038
Free;08001040
Free;08001041
Free;08001044
Free;08001045
Free;08001048
Free;08001049
Free;08001050
Free;08001051
Free;08001055
Free;08001058
Free;08001060
Free;08001061
Free;08001063
Free;08001064
Free;08001066
Free;08001068
Free;0800107
Free;08001080
Free;08001081
Free;08001082
Free;08001084
Free;08001085
Free;08001087
Free;08001088
Free;08001090
Free;08001091
Free;08001098
Free;08001100
Free;08001101
Free;08001102
Free;08001104
Free;08001106
Free;08001108
Free;08001109
Free;0800111
Free;08001131
Free;08001132
Free;08001133
Free;08001140
Free;08001141
Free;08001142
Free;08001144
Free;08001150
Free;08001151
Free;08001155
Free;08001159
Free;08001162
Free;08001166
Free;08001191
Free;08001195
Free;08001196
Free;08001199
Free;08001281
Free;08001282
Free;08001285
Free;08001288
Free;08001289
Free;08001290
Free;08001291
Free;08001292
Free;08001311
Free;08001312
Free;08001313
Free;08001314
Free;08001315
Free;08001316
Free;08001331
Free;08001332
Free;08001333
Free;08001334
Free;08001335
Free;08001341
Free;08001344
Free;08001347
Free;08001349
Free;0800138
Free;0800139
Free;08001400
Free;08001401
Free;08001402
Free;08001407
Free;08001409
Free;08001411
Free;08001412
Free;08001414
Free;08001415
Free;08001416
Free;08001418
Free;08001419
Free;08001420
Free;08001421
Free;08001427
Free;08001450
Free;08001451
Free;08001452
Free;08001471
Free;08001473
Free;08001476
Free;08001477
Free;08001481
Free;08001482
Free;08001484
Free;08001491
Free;08001501
Free;08001505
Free;08001506
Free;08001507
Free;08001508
Free;08001509
Free;08001511
Free;08001514
Free;08001515
Free;08001516
Free;08001520
Free;08001530
Free;08001535
Free;08001560
Free;08001561
Free;08001562
Free;08001566
Free;08001568
Free;08001569
Free;08001591
Free;08001593
Free;08001598
Free;08001600
Free;08001601
Free;08001607
Free;08001611
Free;08001612
Free;08001613
Free;08001614
Free;08001616
Free;08001617
Free;08001618
Free;08001620
Free;08001621
Free;08001626
Free;0800164
Free;08001651
Free;0800169
Free;08001720
Free;08001721
Free;08001724
Free;08001727
Free;08001729
Free;08001751
Free;08001754
Free;08001758
Free;0800179
Free;08001800
Free;08001801
Free;08001804
Free;0800183
Free;08001841
Free;08001842
Free;08001843
Free;08001846
Free;08001847
Free;08001851
Free;08001880
Free;08001881
Free;08001888
Free;08001894
Free;08001897
Free;08001900
Free;08001901
Free;08001902
Free;08001909
Free;08001910
Free;08001911
Free;08001914
Free;08001918
Free;08001919
Free;08001920
Free;08001921
Free;08001929
Free;0800195
Free;0800196
Free;0800197
Free;0800198
Free;08002010
Free;08002012
Free;08002013
Free;08002016
Free;08002040
Free;08002042
Free;08002043
Free;08002044
Free;08002051
Free;08002052
Free;08002077
Free;08002078
Free;08002090
Free;08002101
Free;08002102
Free;08002103
Free;08002109
Free;08002110
Free;08002111
Free;08002112
Free;08002113
Free;08002114
Free;08002115
Free;08002116
Free;08002119
Free;08002131
Free;08002132
Free;08002133
Free;08002150
Free;08002152
Free;08002153
Free;08002154
Free;08002170
Free;08002190
Free;08002192
Free;08002196
Free;08002230
Free;08002231
Free;08002232
Free;08002233
Free;08002234
Free;08002235
Free;08002240
Free;08002241
Free;08002242
Free;08002243
Free;08002244
Free;08002245
Free;08002246
Free;08002260
Free;08002262
Free;08002263
Free;08002264
Free;08002265
Free;08002266
Free;08002267
Free;08002268
Free;08002271
Free;08002272
Free;08002273
Free;08002274
Free;08002275
Free;08002276
Free;08002277
Free;08002278
Free;08002279
Free;08002282
Free;08002283
Free;08002284
Free;08002287
Free;08002288
Free;08002292
Free;08002293
Free;08002298
Free;08002299
Free;08002300
Free;08002302
Free;08002303
Free;08002306
Free;08002308
Free;08002309
Free;08002311
Free;08002312
Free;08002315
Free;08002316
Free;08002330
Free;08002332
Free;08002333
Free;08002334
Free;08002337
Free;08002394
Free;08002400
Free;08002402
Free;08002405
Free;08002407
Free;08002408
Free;08002450
Free;08002451
Free;08002452
Free;08002453
Free;08002454
Free;08002456
Free;08002460
Free;08002462
Free;08002463
Free;08002464
Free;08002465
Free;08002467
Free;08002468
Free;08002469
Free;08002470
Free;08002472
Free;08002473
Free;08002474
Free;08002475
Free;08002476
Free;08002477
Free;08002478
Free;08002479
Free;08002490
Free;08002492
Free;08002494
Free;08002495
Free;08002500
Free;08002501
Free;08002502
Free;08002505
Free;08002506
Free;08002507
Free;08002508
Free;08002512
Free;08002515
Free;08002550
Free;08002552
Free;08002554
Free;08002555
Free;08002557
Free;08002558
Free;08002562
Free;08002566
Free;08002567
Free;08002568
Free;08002572
Free;08002574
Free;08002575
Free;08002580
Free;08002582
Free;08002583
Free;08002584
Free;08002585
Free;08002588
Free;08002592
Free;08002593
Free;08002602
Free;08002610
Free;08002618
Free;08002640
Free;08002641
Free;08002642
Free;08002643
Free;08002645
Free;08002646
Free;08002651
Free;08002652
Free;08002653
Free;08002654
Free;08002655
Free;08002656
Free;08002658
Free;08002662
Free;08002663
Free;08002665
Free;08002666
Free;08002667
Free;08002668
Free;08002671
Free;08002672
Free;08002673
Free;08002674
Free;08002675
Free;08002676
Free;08002677
Free;08002678
Free;08002679
Free;08002702
Free;08002712
Free;08002752
Free;08002756
Free;08002757
Free;08002758
Free;08002762
Free;08002765
Free;08002767
Free;08002768
Free;0800279
Free;08002800
Free;08002802
Free;08002803
Free;08002808
Free;08002851
Free;08002852
Free;08002854
Free;08002855
Free;08002900
Free;08002901
Free;08002902
Free;08002903
Free;08002904
Free;08002912
Free;08002919
Free;08002930
Free;08002932
Free;08002934
Free;08002939
Free;0800294
Free;08002964
Free;0800298
Free;08002992
Free;08002993
Free;08002999
Free;08003020
Free;08003021
Free;08003023
Free;08003040
Free;08003043
Free;08003045
Free;08003047
Free;08003050
Free;08003053
Free;08003055
Free;08003073
Free;08003080
Free;08003084
Free;08003090
Free;08003093
Free;08003094
Free;08003099
Free;08003101
Free;08003103
Free;08003104
Free;08003108
Free;08003109
Free;08003110
Free;08003111
Free;08003112
Free;08003113
Free;08003115
Free;08003120
Free;08003123
Free;08003124
Free;08003130
Free;08003131
Free;08003132
Free;08003133
Free;08003134
Free;08003136
Free;08003137
Free;08003138
Free;08003141
Free;08003143
Free;08003149
Free;0800316
Free;08003194
Free;08003196
Free;08003203
Free;08003205
Free;08003208
Free;08003210
Free;08003211
Free;08003212
Free;08003213
Free;08003214
Free;08003215
Free;08003216
Free;08003217
Free;08003218
Free;08003219
Free;08003230
Free;08003231
Free;08003232
Free;08003233
Free;08003236
Free;08003242
Free;08003243
Free;08003244
Free;08003246
Free;08003247
Free;08003248
Free;08003249
Free;08003253
Free;08003254
Free;08003255
Free;08003256
Free;08003257
Free;08003258
Free;08003260
Free;08003262
Free;08003263
Free;08003264
Free;08003265
Free;08003266
Free;08003267
Free;08003272
Free;08003273
Free;08003274
Free;08003278
Free;08003279
Free;0800328
Free;08003300
Free;08003301
Free;08003303
Free;08003304
Free;08003305
Free;08003307
Free;08003308
Free;08003309
Free;08003310
Free;08003311
Free;08003312
Free;08003313
Free;08003314
Free;08003315
Free;08003316
Free;08003317
Free;08003319
Free;08003320
Free;08003322
Free;08003323
Free;08003325
Free;08003326
Free;08003328
Free;08003343
Free;08003344
Free;08003345
Free;08003346
Free;08003371
Free;08003373
Free;08003374
Free;08003375
Free;08003376
Free;08003377
Free;08003400
Free;08003402
Free;08003403
Free;08003408
Free;08003413
Free;08003417
Free;08003418
Free;08003420
Free;08003424
Free;08003425
Free;08003426
Free;08003428
Free;08003430
Free;08003433
Free;08003434
Free;08003435
Free;08003436
Free;08003437
Free;08003438
Free;08003443
Free;08003444
Free;08003445
Free;08003446
Free;08003448
Free;08003462
Free;08003463
Free;08003464
Free;08003472
Free;08003473
Free;08003474
Free;08003476
Free;08003477
Free;08003480
Free;08003483
Free;08003485
Free;08003486
Free;08003488
Free;08003492
Free;08003493
Free;08003494
Free;08003496
Free;08003497
Free;08003498
Free;08003500
Free;08003503
Free;08003505
Free;08003513
Free;08003515
Free;08003517
Free;08003520
Free;08003526
Free;08003527
Free;08003528
Free;08003530
Free;08003533
Free;08003534
Free;08003535
Free;08003536
Free;08003537
Free;08003538
Free;0800355
Free;08003563
Free;08003565
Free;08003566
Free;08003567
Free;08003569
Free;08003570
Free;08003571
Free;08003573
Free;08003574
Free;08003575
Free;08003576
Free;0800358
Free;08003592
Free;08003593
Free;08003594
Free;08003595
Free;08003596
Free;08003597
Free;08003598
Free;08003602
Free;08003603
Free;0800361
Free;08003620
Free;08003622
Free;08003623
Free;08003624
Free;08003626
Free;08003627
Free;08003628
Free;08003650
Free;08003651
Free;08003652
Free;08003653
Free;08003654
Free;08003655
Free;08003656
Free;08003657
Free;08003659
Free;08003690
Free;08003692
Free;08003693
Free;08003695
Free;08003698
Free;08003699
Free;08003723
Free;08003724
Free;08003726
Free;08003727
Free;08003752
Free;08003753
Free;08003756
Free;08003757
Free;08003759
Free;0800376
Free;08003792
Free;08003797
Free;08003799
Free;0800381
Free;08003820
Free;08003822
Free;08003823
Free;08003824
Free;08003825
Free;08003828
Free;08003833
Free;08003834
Free;08003835
Free;08003836
Free;08003837
Free;08003838
Free;08003839
Free;0800385
Free;08003862
Free;08003863
Free;08003864
Free;08003867
Free;08003883
Free;08003886
Free;08003888
Free;0800389
Free;08003900
Free;08003901
Free;08003903
Free;0800391
Free;08003920
Free;08003924
Free;08003929
Free;08003940
Free;08003942
Free;08003944
Free;08003949
Free;0800395
Free;08003960
Free;08003962
Free;08003963
Free;08003966
Free;08003967
Free;08003993
Free;08003999
Free;08004010
Free;08004011
Free;08004013
Free;08004014
Free;08004015
Free;08004020
Free;08004024
Free;08004030
Free;08004033
Free;08004034
Free;08004060
Free;08004064
Free;08004093
Free;08004096
Free;08004100
Free;08004104
Free;08004105
Free;08004108
Free;08004111
Free;08004112
Free;08004113
Free;08004114
Free;08004118
Free;08004140
Free;08004141
Free;08004142
Free;08004143
Free;08004144
Free;08004145
Free;08004146
Free;08004147
Free;08004148
Free;08004151
Free;08004153
Free;08004154
Free;08004155
Free;08004159
Free;08004162
Free;08004164
Free;08004166
Free;08004168
Free;08004190
Free;08004191
Free;08004194
Free;08004199
Free;08004200
Free;08004203
Free;08004204
Free;08004234
Free;08004236
Free;08004237
Free;08004272
Free;08004273
Free;08004274
Free;08004275
Free;08004276
Free;08004277
Free;08004278
Free;08004292
Free;08004293
Free;08004294
Free;08004299
Free;08004300
Free;08004304
Free;08004308
Free;08004321
Free;08004324
Free;08004325
Free;08004328
Free;08004333
Free;08004335
Free;08004336
Free;08004340
Free;08004342
Free;08004343
Free;08004344
Free;08004345
Free;08004347
Free;08004349
Free;08004361
Free;08004362
Free;08004363
Free;08004364
Free;08004365
Free;08004366
Free;08004367
Free;08004368
Free;08004370
Free;08004372
Free;08004373
Free;08004374
Free;08004376
Free;08004378
Free;08004382
Free;08004383
Free;08004384
Free;08004387
Free;08004389
Free;08004400
Free;08004403
Free;08004404
Free;08004405
Free;08004406
Free;08004408
Free;08004411
Free;08004412
Free;08004430
Free;08004433
Free;08004434
Free;08004435
Free;08004438
Free;08004461
Free;08004462
Free;08004463
Free;08004464
Free;08004466
Free;08004467
Free;08004468
Free;08004473
Free;08004474
Free;08004476
Free;08004477
Free;08004482
Free;08004483
Free;08004484
Free;08004485
Free;08004488
Free;08004490
Free;08004494
Free;08004495
Free;08004499
Free;08004500
Free;08004504
Free;08004508
Free;08004510
Free;08004511
Free;08004513
Free;08004514
Free;08004516
Free;08004519
Free;08004520
Free;08004522
Free;08004524
Free;08004527
Free;08004529
Free;08004560
Free;08004561
Free;08004562
Free;08004563
Free;08004564
Free;08004565
Free;08004566
Free;08004567
Free;08004568
Free;08004569
Free;0800458
Free;08004620
Free;08004622
Free;08004624
Free;08004625
Free;08004626
Free;08004627
Free;08004629
Free;08004633
Free;08004634
Free;08004635
Free;08004636
Free;08004638
Free;08004644
Free;08004646
Free;08004652
Free;08004653
Free;08004654
Free;08004655
Free;08004658
Free;08004672
Free;08004673
Free;08004674
Free;08004675
Free;08004676
Free;08004677
Free;08004678
Free;08004679
Free;08004682
Free;08004683
Free;08004684
Free;08004685
Free;08004686
Free;08004687
Free;08004688
Free;08004689
Free;0800471
Free;08004722
Free;08004723
Free;08004724
Free;08004725
Free;08004726
Free;08004727
Free;08004728
Free;08004752
Free;08004753
Free;08004754
Free;08004757
Free;08004758
Free;08004772
Free;08004774
Free;08004775
Free;08004776
Free;08004777
Free;08004781
Free;08004782
Free;08004783
Free;08004784
Free;08004786
Free;08004789
Free;0800479
Free;08004804
Free;08004805
Free;08004834
Free;08004836
Free;08004837
Free;08004838
Free;08004851
Free;08004853
Free;08004854
Free;08004856
Free;08004858
Free;08004861
Free;08004863
Free;08004864
Free;08004866
Free;08004868
Free;08004869
Free;08004872
Free;08004873
Free;08004874
Free;08004877
Free;08004878
Free;08004882
Free;08004883
Free;08004884
Free;08004888
Free;08004897
Free;08004900
Free;08004904
Free;08004908
Free;08004911
Free;08004914
Free;08004927
Free;08004929
Free;0800496
Free;08004986
Free;08005010
Free;08005011
Free;08005012
Free;08005013
Free;08005014
Free;08005015
Free;08005016
Free;08005030
Free;08005033
Free;08005035
Free;08005037
Free;08005040
Free;08005045
Free;08005060
Free;08005065
Free;08005080
Free;08005085
Free;08005086
Free;08005088
Free;08005090
Free;08005095
Free;08005105
Free;08005135
Free;08005139
Free;08005141
Free;08005142
Free;08005145
Free;08005160
Free;08005161
Free;08005162
Free;08005165
Free;08005166
Free;0800519
Free;08005200
Free;08005204
Free;08005205
Free;08005206
Free;08005207
Free;08005208
Free;08005232
Free;08005235
Free;08005242
Free;08005245
Free;08005248
Free;08005272
Free;08005273
Free;08005275
Free;08005277
Free;08005278
Free;0800528
Free;08005300
Free;08005308
Free;08005316
Free;08005317
Free;08005319
Free;08005323
Free;08005325
Free;08005327
Free;08005328
Free;08005329
Free;08005342
Free;08005343
Free;08005344
Free;08005345
Free;08005346
Free;08005347
Free;08005351
Free;08005352
Free;08005353
Free;08005354
Free;08005355
Free;08005356
Free;08005370
Free;08005373
Free;08005374
Free;08005377
Free;08005392
Free;08005393
Free;08005395
Free;08005396
Free;08005397
Free;08005398
Free;08005400
Free;08005402
Free;08005405
Free;08005407
Free;08005408
Free;08005409
Free;08005415
Free;0800542
Free;08005432
Free;08005433
Free;08005434
Free;08005435
Free;08005444
Free;08005445
Free;08005446
Free;08005448
Free;08005482
Free;08005483
Free;08005484
Free;08005485
Free;08005486
Free;08005488
Free;08005499
Free;08005500
Free;08005502
Free;08005503
Free;08005504
Free;08005505
Free;08005506
Free;08005508
Free;08005511
Free;08005514
Free;08005515
Free;08005518
Free;08005520
Free;08005521
Free;08005522
Free;08005523
Free;08005525
Free;08005530
Free;08005533
Free;08005534
Free;08005535
Free;08005544
Free;08005545
Free;08005575
Free;08005577
Free;08005593
Free;08005595
Free;08005599
Free;08005604
Free;08005605
Free;08005606
Free;08005608
Free;0800561
Free;08005620
Free;08005621
Free;08005622
Free;08005623
Free;08005625
Free;08005626
Free;08005635
Free;08005650
Free;08005655
Free;08005656
Free;08005657
Free;08005658
Free;08005662
Free;08005663
Free;08005664
Free;08005665
Free;08005666
Free;08005711
Free;08005715
Free;08005724
Free;08005725
Free;08005731
Free;08005733
Free;08005735
Free;08005765
Free;08005766
Free;08005767
Free;08005820
Free;08005825
Free;08005826
Free;0800583
Free;08005844
Free;08005846
Free;08005848
Free;08005862
Free;08005864
Free;08005865
Free;08005866
Free;08005868
Free;0800587
Free;08005884
Free;08005885
Free;08005886
Free;08005892
Free;08005895
Free;08005896
Free;08005898
Free;0800593
Free;0800594
Free;0800596
Free;0800597
Free;0800598
Free;08006010
Free;08006011
Free;08006012
Free;08006016
Free;08006017
Free;08006020
Free;08006021
Free;08006022
Free;08006026
Free;08006030
Free;08006035
Free;08006036
Free;08006040
Free;08006044
Free;08006046
Free;08006070
Free;08006076
Free;08006080
Free;08006086
Free;08006087
Free;08006090
Free;0800612
Free;08006170
Free;08006171
Free;08006174
Free;08006176
Free;08006177
Free;08006181
Free;08006182
Free;08006185
Free;08006186
Free;08006188
Free;0800619
Free;08006211
Free;08006216
Free;08006231
Free;08006232
Free;08006234
Free;08006236
Free;08006237
Free;08006242
Free;08006244
Free;08006245
Free;08006246
Free;08006247
Free;08006272
Free;08006274
Free;08006275
Free;08006277
Free;08006278
Free;08006281
Free;08006282
Free;08006284
Free;08006286
Free;08006287
Free;08006288
Free;08006289
Free;08006293
Free;08006306
Free;0800631
Free;08006320
Free;08006324
Free;08006326
Free;08006328
Free;08006329
Free;0800634
Free;0800635
Free;08006360
Free;08006362
Free;08006363
Free;08006364
Free;08006365
Free;08006366
Free;08006367
Free;08006368
Free;08006371
Free;08006372
Free;08006374
Free;08006377
Free;08006378
Free;08006382
Free;08006383
Free;08006384
Free;08006385
Free;08006386
Free;08006387
Free;08006388
Free;08006389
Free;08006392
Free;08006393
Free;08006394
Free;08006395
Free;08006397
Free;08006398
Free;08006399
Free;08006420
Free;08006425
Free;08006426
Free;08006427
Free;08006433
Free;08006435
Free;08006437
Free;08006464
Free;08006465
Free;08006466
Free;08006472
Free;08006476
Free;08006477
Free;08006478
Free;08006500
Free;08006502
Free;08006503
Free;08006504
Free;08006506
Free;08006507
Free;08006508
Free;0800651
Free;0800652
Free;0800653
Free;08006542
Free;08006543
Free;08006544
Free;08006550
Free;08006553
Free;08006556
Free;08006557
Free;08006558
Free;08006559
Free;08006560
Free;08006561
Free;08006564
Free;08006565
Free;08006566
Free;08006569
Free;08006596
Free;08006620
Free;08006621
Free;08006622
Free;08006623
Free;08006624
Free;08006625
Free;08006626
Free;08006670
Free;08006672
Free;08006673
Free;08006674
Free;08006676
Free;08006677
Free;08006678
Free;08006679
Free;08006682
Free;08006683
Free;08006684
Free;08006686
Free;08006688
Free;08006703
Free;08006706
Free;08006708
Free;08006732
Free;08006733
Free;08006734
Free;08006735
Free;08006736
Free;08006737
Free;08006738
Free;08006739
Free;08006752
Free;08006753
Free;08006754
Free;08006755
Free;08006756
Free;08006757
Free;08006772
Free;08006773
Free;08006774
Free;08006775
Free;08006776
Free;08006777
Free;08006800
Free;08006806
Free;08006811
Free;08006822
Free;08006825
Free;08006826
Free;08006834
Free;08006836
Free;08006837
Free;08006840
Free;08006843
Free;08006846
Free;08006847
Free;08006861
Free;08006862
Free;08006863
Free;08006864
Free;08006866
Free;08006868
Free;08006869
Free;08006872
Free;08006873
Free;08006874
Free;08006876
Free;08006877
Free;08006878
Free;0800689
Free;08006900
Free;08006908
Free;08006916
Free;08006919
Free;0800692
Free;0800694
Free;0800695
Free;08006966
Free;08006969
Free;08006970
Free;08006973
Free;08006976
Free;08006977
Free;08006979
Free;0800698
Free;08006992
Free;08006996
Free;08006997
Free;08006998
Free;08006999
Free;08007010
Free;08007011
Free;08007017
Free;08007020
Free;08007027
Free;08007030
Free;08007032
Free;08007034
Free;08007037
Free;08007038
Free;08007040
Free;08007044
Free;08007047
Free;08007049
Free;0800705
Free;08007060
Free;08007066
Free;08007067
Free;08007080
Free;08007085
Free;08007087
Free;08007088
Free;08007090
Free;08007097
Free;08007099
Free;08007120
Free;08007127
Free;08007151
Free;08007153
Free;08007154
Free;08007156
Free;08007157
Free;08007158
Free;08007180
Free;08007181
Free;08007187
Free;08007190
Free;08007196
Free;08007197
Free;08007200
Free;08007201
Free;08007207
Free;08007208
Free;08007217
Free;08007219
Free;08007230
Free;08007232
Free;08007233
Free;08007234
Free;08007236
Free;08007237
Free;08007242
Free;08007243
Free;08007244
Free;08007245
Free;08007246
Free;08007247
Free;08007249
Free;08007253
Free;08007254
Free;08007255
Free;08007256
Free;08007257
Free;08007258
Free;08007270
Free;08007271
Free;08007272
Free;08007273
Free;08007274
Free;08007275
Free;08007276
Free;08007277
Free;08007278
Free;08007307
Free;0800731
Free;08007332
Free;08007333
Free;08007334
Free;08007335
Free;08007337
Free;08007338
Free;08007339
Free;0800734
Free;0800735
Free;08007380
Free;08007381
Free;08007382
Free;08007383
Free;08007384
Free;08007385
Free;08007387
Free;08007388
Free;08007400
Free;08007401
Free;08007404
Free;08007407
Free;08007408
Free;08007411
Free;08007414
Free;08007415
Free;08007417
Free;08007418
Free;08007462
Free;08007463
Free;08007464
Free;08007466
Free;08007467
Free;08007468
Free;08007469
Free;08007497
Free;08007499
Free;08007500
Free;08007501
Free;08007507
Free;08007508
Free;08007509
Free;08007517
Free;08007520
Free;08007522
Free;08007526
Free;08007527
Free;08007528
Free;08007541
Free;08007543
Free;08007544
Free;08007546
Free;08007547
Free;0800755
Free;0800756
Free;08007570
Free;08007571
Free;08007574
Free;08007575
Free;08007576
Free;08007577
Free;08007578
Free;08007600
Free;08007610
Free;08007612
Free;08007613
Free;08007617
Free;08007620
Free;08007622
Free;08007623
Free;08007624
Free;08007625
Free;08007627
Free;08007683
Free;08007686
Free;08007687
Free;08007688
Free;0800769
Free;08007700
Free;08007701
Free;08007705
Free;08007706
Free;08007707
Free;08007708
Free;08007709
Free;08007720
Free;08007722
Free;08007724
Free;08007726
Free;08007727
Free;08007729
Free;08007730
Free;08007732
Free;08007733
Free;08007736
Free;08007737
Free;08007738
Free;08007741
Free;08007743
Free;08007744
Free;08007745
Free;08007746
Free;08007747
Free;08007748
Free;08007749
Free;08007755
Free;08007757
Free;08007758
Free;08007783
Free;08007787
Free;08007788
Free;08007800
Free;08007801
Free;08007807
Free;08007808
Free;08007809
Free;0800781
Free;08007820
Free;08007822
Free;08007823
Free;08007825
Free;08007826
Free;08007827
Free;08007828
Free;0800783
Free;08007851
Free;08007857
Free;08007858
Free;08007862
Free;08007863
Free;08007864
Free;08007865
Free;08007866
Free;08007867
Free;08007868
Free;08007870
Free;08007872
Free;08007873
Free;08007874
Free;08007877
Free;08007878
Free;08007879
Free;08008020
Free;08008022
Free;08008028
Free;08008030
Free;08008038
Free;08008040
Free;08008046
Free;08008047
Free;08008048
Free;08008060
Free;08008066
Free;08008090
Free;08008096
Free;08008098
Free;08008106
Free;08008108
Free;08008109
Free;08008138
Free;0800814
Free;08008150
Free;08008152
Free;08008158
Free;08008162
Free;08008164
Free;08008171
Free;0800819
Free;0800831
Free;08008320
Free;08008322
Free;08008324
Free;08008325
Free;08008327
Free;08008328
Free;08008329
Free;0800836
Free;08008370
Free;08008371
Free;08008373
Free;08008374
Free;08008376
Free;08008377
Free;08008378
Free;08008391
Free;08008392
Free;08008398
Free;0800840
Free;0800841
Free;08008420
Free;08008424
Free;08008425
Free;08008426
Free;08008428
Free;08008451
Free;08008452
Free;08008453
Free;08008454
Free;08008455
Free;08008456
Free;08008458
Free;08008462
Free;08008463
Free;08008466
Free;08008467
Free;08008468
Free;08008472
Free;08008474
Free;08008478
Free;08008480
Free;08008482
Free;08008483
Free;08008484
Free;08008485
Free;08008488
Free;0800849
Free;08008513
Free;08008517
Free;08008520
Free;08008528
Free;08008529
Free;0800856
Free;08008572
Free;08008575
Free;08008576
Free;08008578
Free;08008583
Free;08008584
Free;08008585
Free;08008586
Free;08008588
Free;08008593
Free;08008599
Free;08008600
Free;08008601
Free;08008602
Free;08008603
Free;08008604
Free;08008605
Free;08008607
Free;08008608
Free;08008609
Free;08008658
Free;08008672
Free;08008673
Free;08008674
Free;08008677
Free;08008678
Free;08008700
Free;08008701
Free;08008702
Free;08008703
Free;08008705
Free;08008706
Free;08008707
Free;08008710
Free;08008711
Free;08008713
Free;08008714
Free;08008715
Free;08008716
Free;08008717
Free;08008718
Free;08008800
Free;08008801
Free;08008802
Free;08008806
Free;08008808
Free;08008810
Free;08008811
Free;08008812
Free;08008817
Free;08008818
Free;08008819
Free;08008820
Free;08008821
Free;08008822
Free;08008823
Free;08008825
Free;08008828
Free;08008830
Free;08008833
Free;08008834
Free;08008836
Free;08008837
Free;08008838
Free;08008842
Free;08008844
Free;08008846
Free;08008847
Free;08008848
Free;08008849
Free;08008850
Free;08008854
Free;08008855
Free;08008858
Free;08008859
Free;08008860
Free;08008861
Free;08008862
Free;08008863
Free;08008864
Free;08008866
Free;08008868
Free;08008870
Free;08008872
Free;08008873
Free;08008874
Free;08008875
Free;08008876
Free;08008877
Free;08008878
Free;08008890
Free;08008891
Free;08008893
Free;08008897
Free;08008898
Free;08008899
Free;08009010
Free;08009012
Free;08009013
Free;08009019
Free;08009020
Free;08009022
Free;08009029
Free;08009030
Free;08009039
Free;08009040
Free;08009047
Free;08009060
Free;08009066
Free;08009069
Free;0800907
Free;08009080
Free;08009088
Free;08009089
Free;08009101
Free;08009103
Free;08009104
Free;08009109
Free;08009110
Free;08009111
Free;08009119
Free;0800912
Free;0800913
Free;0800914
Free;0800915
Free;0800916
Free;0800917
Free;0800923
Free;08009251
Free;08009252
Free;08009253
Free;08009254
Free;08009255
Free;08009259
Free;08009290
Free;08009291
Free;08009292
Free;08009293
Free;08009294
Free;08009296
Free;08009297
Free;08009299
Free;0800931
Free;08009322
Free;08009325
Free;08009327
Free;08009328
Free;08009329
Free;08009340
Free;08009344
Free;08009349
Free;08009362
Free;08009370
Free;08009372
Free;08009373
Free;08009376
Free;08009377
Free;08009378
Free;08009386
Free;08009387
Free;08009389
Free;08009463
Free;08009467
Free;08009490
Free;08009495
Free;08009496
Free;08009497
Free;08009499
Free;08009508
Free;08009509
Free;08009510
Free;08009519
Free;0800952
Free;0800953
Free;0800954
Free;0800956
Free;0800957
Free;08009585
Free;08009592
Free;08009593
Free;08009594
Free;08009595
Free;08009596
Free;08009597
Free;08009599
Free;0800970
Free;08009722
Free;08009723
Free;08009724
Free;0800974
Free;0800975
Free;0800976
Free;0800980
Free;08009815
Free;08009819
Free;08009822
Free;08009823
Free;08009828
Free;08009829
Free;0800983
Free;0800984
Free;0800985
Free;0800986
Free;0800988
Free;08009900
Free;08009908
Free;08009909
Free;08009910
Free;08009911
Free;08009912
Free;08009915
Free;08009919
Free;08009933
Free;08009938
Free;08009939
Free;08009940
Free;08009943
Free;08009944
Free;08009945
Free;08009948
Free;08009949
Free;08009950
Free;08009951
Free;08009954
Free;08009955
Free;08009959
Free;08009960
Free;08009961
Free;08009962
Free;08009966
Free;08009969
Free;08009977
Free;08009978
Free;08009979
Free;08009980
Free;08009986
Free;08009988
Free;08009989
Free;08009991
Free;0801
Free;0802
Free;0803
Free;0804
Free;0805
Free;0806
Free;0807
Free;08080
Free;08081
Free;0808100
Free;0808101
Free;0808102
Free;0808103
Free;0808104
Free;0808105
Free;0808106
Free;0808107
Free;0808108
Free;0808109
Free;0808110
Free;0808111
Free;0808112
Free;0808114
Free;0808118
Free;0808120
Free;0808121
Free;0808125
Free;0808126
Free;0808127
Free;0808128
Free;0808129
Free;0808130
Free;0808131
Free;0808132
Free;0808133
Free;0808134
Free;0808135
Free;0808136
Free;0808138
Free;0808140
Free;0808141
Free;0808142
Free;0808143
Free;0808144
Free;0808145
Free;0808146
Free;0808147
Free;0808148
Free;0808149
Free;0808150
Free;0808151
Free;0808152
Free;0808153
Free;0808154
Free;0808155
Free;0808156
Free;0808158
Free;0808160
Free;0808161
Free;0808162
Free;0808163
Free;0808164
Free;0808165
Free;0808166
Free;0808167
Free;0808168
Free;0808169
Free;0808170
Free;0808171
Free;0808172
Free;0808173
Free;0808174
Free;0808175
Free;0808176
Free;0808177
Free;0808178
Free;0808179
Free;0808180
Free;0808181
Free;0808182
Free;0808183
Free;0808184
Free;0808185
Free;0808186
Free;0808188
Free;0808189
Free;0808190
Free;0808191
Free;0808193
Free;0808195
Free;08082
Free;0808200
Free;0808201
Free;080821
Free;08083
Free;08084
Free;08085
Free;08086
Free;08087
Free;080880
Free;0808800
Free;0808801
Free;0808808
Free;0808809
Free;080881
Free;080882
Free;080883
Free;080884
Free;080885
Free;080886
Free;080887
Free;080888
Free;080889
Free;0809
Local;01132
Local;01133
Local;01134
Local;01135
Local;01136
Local;01137
Local;01138
Local;01139
Local;01142
Local;01143
Local;01144
Local;01145
Local;01146
Local;01147
Local;01148
Local;01149
Local;01152
Local;01153
Local;01154
Local;01155
Local;01156
Local;01157
Local;01158
Local;01159
Local;01162
Local;01163
Local;01164
Local;01165
Local;01166
Local;01167
Local;01168
Local;01169
Local;01172
Local;01173
Local;01174
Local;01175
Local;01176
Local;01177
Local;01178
Local;01179
Local;01182
Local;01183
Local;01184
Local;01185
Local;01186
Local;01187
Local;01188
Local;01189
Local;01200
Local;01202
Local;01204
Local;01205
Local;01206
Local;01207
Local;01208
Local;01209
Local;01212
Local;01213
Local;01214
Local;01215
Local;01216
Local;01217
Local;01218
Local;01219
Local;01223
Local;01224
Local;01225
Local;01226
Local;01227
Local;01228
Local;012292
Local;012293
Local;012294
Local;012295
Local;012296
Local;012297
Local;012298
Local;012299
Local;01233
Local;01234
Local;01235
Local;01236
Local;01237
Local;01239
Local;01241
Local;01242
Local;01243
Local;01244
Local;01245
Local;01246
Local;01248
Local;01249
Local;01250
Local;01252
Local;01253
Local;01254
Local;01255
Local;01256
Local;01257
Local;01258
Local;01259
Local;01260
Local;01261
Local;01262
Local;01263
Local;01264
Local;01267
Local;01268
Local;01269
Local;01270
Local;01271
Local;01273
Local;01274
Local;01275
Local;01276
Local;01277
Local;01278
Local;01279
Local;01280
Local;01282
Local;01283
Local;01284
Local;01285
Local;01286
Local;01287
Local;01288
Local;01289
Local;01290
Local;01291
Local;01292
Local;01293
Local;01294
Local;01295
Local;01296
Local;01297
Local;01298
Local;01299
Local;01300
Local;01301
Local;01302
Local;01303
Local;01304
Local;01305
Local;01306
Local;01307
Local;01308
Local;01309
Local;01312
Local;01313
Local;01314
Local;01315
Local;01316
Local;01317
Local;01318
Local;01319
Local;01320
Local;01322
Local;01323
Local;01324
Local;01325
Local;01326
Local;01327
Local;01328
Local;01329
Local;01330
Local;01332
Local;01333
Local;01334
Local;01335
Local;01337
Local;013392
Local;013393
Local;013394
Local;013395
Local;013396
Local;013397
Local;013398
Local;013399
Local;01340
Local;01341
Local;01342
Local;01343
Local;01344
Local;01346
Local;01347
Local;01348
Local;01349
Local;01350
Local;01352
Local;01353
Local;01354
Local;01355
Local;01356
Local;01357
Local;01358
Local;01359
Local;01360
Local;01361
Local;01362
Local;01363
Local;01364
Local;01366
Local;01367
Local;01368
Local;01369
Local;01371
Local;01372
Local;01373
Local;01375
Local;01376
Local;01377
Local;01379
Local;01380
Local;01381
Local;01382
Local;01383
Local;01384
Local;01386
Local;013872
Local;013873
Local;013874
Local;013875
Local;013876
Local;013877
Local;013878
Local;013879
Local;013882
Local;013883
Local;013884
Local;013885
Local;013886
Local;013887
Local;013888
Local;013889
Local;01389
Local;01392
Local;01394
Local;01395
Local;01397
Local;01398
Local;01400
Local;01403
Local;01404
Local;01405
Local;01406
Local;01407
Local;01408
Local;01409
Local;01412
Local;01413
Local;01414
Local;01415
Local;01416
Local;01417
Local;01418
Local;01419
Local;01420
Local;01422
Local;014232
Local;014233
Local;014234
Local;014235
Local;014236
Local;014237
Local;014238
Local;014239
Local;01424
Local;01425
Local;01427
Local;01428
Local;01429
Local;014302
Local;014303
Local;014304
Local;014305
Local;014306
Local;014307
Local;014308
Local;014309
Local;01431
Local;01432
Local;01433
Local;014342
Local;014343
Local;014344
Local;014345
Local;014346
Local;014347
Local;014348
Local;014349
Local;01435
Local;01436
Local;014372
Local;014373
Local;014374
Local;014375
Local;014376
Local;014377
Local;014378
Local;014379
Local;01438
Local;01439
Local;01440
Local;01442
Local;01443
Local;01444
Local;01445
Local;01446
Local;01449
Local;01450
Local;01451
Local;01452
Local;01453
Local;01454
Local;01455
Local;01456
Local;01457
Local;01458
Local;01460
Local;01461
Local;01462
Local;01463
Local;01464
Local;01465
Local;01466
Local;01467
Local;01469
Local;01470
Local;01471
Local;01472
Local;01473
Local;01474
Local;01475
Local;01476
Local;01477
Local;01478
Local;01479
Local;01480
Local;01481
Local;01482
Local;01483
Local;01484
Local;01485
Local;01487
Local;01488
Local;01489
Local;01490
Local;01491
Local;01492
Local;01493
Local;01494
Local;01495
Local;01496
Local;01497
Local;01499
Local;01501
Local;01502
Local;01503
Local;01505
Local;01506
Local;015072
Local;015073
Local;015074
Local;015075
Local;015076
Local;015077
Local;015078
Local;015079
Local;01508
Local;01509
Local;01512
Local;01513
Local;01514
Local;01515
Local;01516
Local;01517
Local;01518
Local;01519
Local;01520
Local;01522
Local;015242
Local;015243
Local;015244
Local;015245
Local;015246
Local;015247
Local;015248
Local;015249
Local;01525
Local;01526
Local;01527
Local;01528
Local;01529
Local;01530
Local;01531
Local;01534
Local;01535
Local;01536
Local;01538
Local;015392
Local;015393
Local;015394
Local;015395
Local;015396
Local;015397
Local;015398
Local;015399
Local;01540
Local;01542
Local;01543
Local;01544
Local;01545
Local;01546
Local;01547
Local;01548
Local;01549
Local;01550
Local;01553
Local;01554
Local;01555
Local;01556
Local;01557
Local;01558
Local;01559
Local;01560
Local;01561
Local;01562
Local;01563
Local;01564
Local;01565
Local;01566
Local;01567
Local;01568
Local;01569
Local;01570
Local;01571
Local;01572
Local;01573
Local;01575
Local;01576
Local;01577
Local;01578
Local;01579
Local;01580
Local;01581
Local;01582
Local;01583
Local;01584
Local;01586
Local;01588
Local;01590
Local;01591
Local;01592
Local;01593
Local;01594
Local;01595
Local;01597
Local;01598
Local;01599
Local;01600
Local;01603
Local;01604
Local;01606
Local;01608
Local;01609
Local;01612
Local;01613
Local;01614
Local;01615
Local;01616
Local;01617
Local;01618
Local;01619
Local;01620
Local;01621
Local;01622
Local;01623
Local;01624
Local;01625
Local;01626
Local;01628
Local;01629
Local;01630
Local;01631
Local;01633
Local;01634
Local;01635
Local;01636
Local;01637
Local;01638
Local;01639
Local;01641
Local;01642
Local;01643
Local;01644
Local;01646
Local;01647
Local;01650
Local;01651
Local;01652
Local;01653
Local;01654
Local;01655
Local;01656
Local;01659
Local;01661
Local;01663
Local;01664
Local;01665
Local;01666
Local;01667
Local;01668
Local;01669
Local;01670
Local;01671
Local;01672
Local;01673
Local;01674
Local;01675
Local;01676
Local;01677
Local;01678
Local;01680
Local;01681
Local;01683
Local;01684
Local;01685
Local;016862
Local;016863
Local;016864
Local;016865
Local;016866
Local;016867
Local;016868
Local;016869
Local;01687
Local;01688
Local;01689
Local;01690
Local;01691
Local;01692
Local;01694
Local;01695
Local;016970
Local;016971
Local;016972
Local;016973
Local;016974
Local;016975
Local;016976
Local;016977
Local;016978
Local;016979
Local;01698
Local;01700
Local;01702
Local;01704
Local;01706
Local;01707
Local;01708
Local;01709
Local;01720
Local;01721
Local;01722
Local;01723
Local;01724
Local;01725
Local;01726
Local;01727
Local;01728
Local;01729
Local;01730
Local;01732
Local;01733
Local;01736
Local;01737
Local;01738
Local;01740
Local;01743
Local;01744
Local;01745
Local;01746
Local;01747
Local;01748
Local;01749
Local;01750
Local;01751
Local;01752
Local;01753
Local;01754
Local;01756
Local;01757
Local;01758
Local;01759
Local;01760
Local;01761
Local;01763
Local;01764
Local;01765
Local;01766
Local;01767
Local;017682
Local;017683
Local;017684
Local;017685
Local;017686
Local;017687
Local;017688
Local;017689
Local;01769
Local;01770
Local;01771
Local;01772
Local;01773
Local;01775
Local;01776
Local;01777
Local;01778
Local;01779
Local;01780
Local;01782
Local;01784
Local;01785
Local;01786
Local;01787
Local;01788
Local;01789
Local;01790
Local;01792
Local;01793
Local;01794
Local;01795
Local;01796
Local;01797
Local;01798
Local;01799
Local;01803
Local;01805
Local;01806
Local;01807
Local;01808
Local;01809
Local;01821
Local;01822
Local;01823
Local;01824
Local;01825
Local;01827
Local;01828
Local;01829
Local;01830
Local;01832
Local;01833
Local;01834
Local;01835
Local;01837
Local;01838
Local;01840
Local;01841
Local;01842
Local;01843
Local;01844
Local;01845
Local;018472
Local;018473
Local;018474
Local;018475
Local;018476
Local;018477
Local;018478
Local;018479
Local;01848
Local;018512
Local;018513
Local;018514
Local;018515
Local;018516
Local;018517
Local;018518
Local;018519
Local;01852
Local;01854
Local;01855
Local;01856
Local;01857
Local;01858
Local;01859
Local;01862
Local;01863
Local;01864
Local;01865
Local;01866
Local;01869
Local;01870
Local;01871
Local;01872
Local;01873
Local;01874
Local;01875
Local;01876
Local;01877
Local;01878
Local;01879
Local;01880
Local;01882
Local;01883
Local;01884
Local;01885
Local;01886
Local;01887
Local;01888
Local;01889
Local;018902
Local;018903
Local;018904
Local;018905
Local;018906
Local;018907
Local;018908
Local;018909
Local;01892
Local;01895
Local;01896
Local;01899
Local;01900
Local;01902
Local;01903
Local;01904
Local;01905
Local;01908
Local;01909
Local;01912
Local;01913
Local;01914
Local;01915
Local;01916
Local;01917
Local;01918
Local;01919
Local;01920
Local;01922
Local;01923
Local;01924
Local;01925
Local;01926
Local;01928
Local;01929
Local;01931
Local;01932
Local;01933
Local;01934
Local;01935
Local;01937
Local;01938
Local;01939
Local;01942
Local;01943
Local;01944
Local;01945
Local;019462
Local;019463
Local;019464
Local;019465
Local;019466
Local;019467
Local;019468
Local;019469
Local;01947
Local;01948
Local;01949
Local;01950
Local;01951
Local;01952
Local;01953
Local;01954
Local;01955
Local;01957
Local;01959
Local;01962
Local;01963
Local;019642
Local;019643
Local;019644
Local;019645
Local;019646
Local;019647
Local;019648
Local;019649
Local;01967
Local;01968
Local;01969
Local;01970
Local;01971
Local;01972
Local;01974
Local;019752
Local;019753
Local;019754
Local;019755
Local;019756
Local;019757
Local;019758
Local;019759
Local;01977
Local;01978
Local;01980
Local;01981
Local;01982
Local;01983
Local;01984
Local;01985
Local;01986
Local;01988
Local;01989
Local;01992
Local;01993
Local;01994
Local;01995
Local;01997
Local;0202
Local;0203
Local;0204
Local;0205
Local;0206
Local;0207
Local;0208
Local;02090
Local;02091
Local;02092
Local;02093
Local;02094
Local;02095
Local;02096
Local;02097
Local;02098
Local;02099
Local;0232
Local;02330
Local;02331
Local;02332
Local;02333
Local;02334
Local;02335
Local;02336
Local;02337
Local;02338
Local;02339
Local;0234
Local;0235
Local;0236
Local;0237
Local;02380
Local;02381
Local;02382
Local;02383
Local;02384
Local;02385
Local;02386
Local;02387
Local;02388
Local;02389
Local;02390
Local;02391
Local;02392
Local;02393
Local;02394
Local;02395
Local;02396
Local;02397
Local;02398
Local;02399
Local;0242
Local;0243
Local;0244
Local;0245
Local;0246
Local;02470
Local;02471
Local;02472
Local;02473
Local;02474
Local;02475
Local;02476
Local;02477
Local;02478
Local;02479
Local;0248
Local;02490
Local;02491
Local;02492
Local;02493
Local;02494
Local;02495
Local;02496
Local;02497
Local;02498
Local;02499
Local;02820
Local;02821
Local;02822
Local;02823
Local;02824
Local;02825
Local;02826
Local;02827
Local;02828
Local;02829
Local;02830
Local;02831
Local;02832
Local;02833
Local;02834
Local;02835
Local;02836
Local;02837
Local;02838
Local;02839
Local;02840
Local;02841
Local;02842
Local;02843
Local;02844
Local;02845
Local;02846
Local;02847
Local;02848
Local;02849
Local;0285
Local;02860
Local;02861
Local;02862
Local;02863
Local;02864
Local;02865
Local;02866
Local;02867
Local;02868
Local;02869
Local;02870
Local;02871
Local;02872
Local;02873
Local;02874
Local;02875
Local;02876
Local;02877
Local;02878
Local;02879
Local;02880
Local;02881
Local;02882
Local;02883
Local;02884
Local;02885
Local;02886
Local;02887
Local;02888
Local;02889
Local;02890
Local;02891
Local;02892
Local;02893
Local;02894
Local;02895
Local;02896
Local;02897
Local;02898
Local;02899
Local;02920
Local;02921
Local;02922
Local;02923
Local;02924
Local;02925
Local;02926
Local;02927
Local;02928
Local;02929
Local;0293
Local;0294
Local;0295
Local;0296
Local;0297
Local;0298
Local;02990
Local;02991
Local;02992
Local;02993
Local;02994
Local;02995
Local;02996
Local;02997
Local;02998
Local;02999
Local;0501
Local;0502
Local;0503
Local;0504
Local;0505
Local;0506
Local;0507
Local;0508
Local;0509
Local;051
Local;052
Local;053
Local;0540
Local;0541
Local;0542
Local;0543
Local;0544
Local;0545
Local;0546
Local;0547
Local;0548
Local;0549
Local;0550
Local;0551144
Local;0552
Local;0553
Local;0554
Local;0555
Local;0556
Local;0557
Local;055883
Local;0559
Local;056
Local;057
Local;0580
Local;0581
Local;0582
Local;0583
Local;0584
Local;0585
Local;0586
Local;0587
Local;0588
Local;0589
Local;059
National;01130
National;01131
National;01140
National;01141
National;01150
National;01151
National;01160
National;01161
National;01170
National;01171
National;01180
National;01181
National;01210
National;01211
National;012290
National;012291
National;01310
National;01311
National;013390
National;013391
National;013870
National;013871
National;013880
National;013881
National;01410
National;01411
National;014230
National;014231
National;014300
National;014301
National;014340
National;014341
National;014370
National;014371
National;015070
National;015071
National;01510
National;01511
National;015240
National;015241
National;015390
National;015391
National;01610
National;01611
National;016860
National;016861
National;017680
National;017681
National;018470
National;018471
National;018510
National;018511
National;018900
National;018901
National;01910
National;01911
National;019460
National;019461
National;019640
National;019641
National;019750
National;019751
National;0200
National;0201
National;0230
National;02310
National;02311
National;02312
National;02313
National;02314
National;02315
National;02316
National;02317
National;02318
National;02319
National;0240
National;02410
National;02411
National;02412
National;02413
National;02414
National;02415
National;02416
National;02417
National;02418
National;02419
National;0280
National;02810
National;02811
National;02812
National;02813
National;02814
National;02815
National;02816
National;02817
National;02818
National;02819
National;0290
National;02910
National;02911
National;02912
National;02913
National;02914
National;02915
National;02916
National;02917
National;02918
National;02919
National;0845
National;0845000
National;0845001
National;0845002
National;0845003
National;0845004
National;0845005
National;0845006
National;0845007
National;0845008
National;0845009
National;0845010
National;0845011
National;0845013
National;0845014
National;0845015
National;0845016
National;0845017
National;0845018
National;0845019
National;0845020
National;0845021
National;0845022
National;0845023
National;0845024
National;0845025
National;0845026
National;0845027
National;0845028
National;0845029
National;0845031
National;0845032
National;0845033
National;0845034
National;0845035
National;0845036
National;0845038
National;0845039
National;0845040
National;0845042
National;0845044
National;0845045
National;0845047
National;0845048
National;0845049
National;084505
National;084506
National;084507
National;084508
National;0845090
National;0845091
National;0845092
National;0845093
National;0845094
National;0845095
National;0845096
National;0845097
National;0845099
National;0845100
National;0845101
National;0845102
National;0845103
National;0845104
National;0845105
National;0845106
National;0845108
National;0845109
National;0845111
National;0845112
National;0845113
National;0845114
National;0845115
National;0845117
National;0845118
National;0845119
National;084512
National;0845130
National;0845131
National;0845132
National;0845133
National;0845134
National;0845135
National;084514
National;0845150
National;0845151
National;0845152
National;0845153
National;0845154
National;0845155
National;0845160
National;0845161
National;0845165
National;0845166
National;0845167
National;0845170
National;0845171
National;0845177
National;0845179
National;0845180
National;0845190
National;0845191
National;0845192
National;0845193
National;0845196
National;0845199
National;084520
National;0845210
National;0845211
National;0845212
National;0845213
National;0845220
National;0845221
National;0845222
National;0845223
National;0845224
National;0845225
National;0845227
National;0845228
National;0845230
National;0845232
National;0845233
National;0845234
National;0845240
National;0845241
National;0845242
National;0845244
National;0845245
National;0845246
National;0845247
National;0845248
National;0845250
National;0845251
National;0845252
National;0845255
National;0845257
National;0845262
National;0845266
National;084527
National;084528
National;0845299
National;084530
National;0845310
National;0845311
National;0845313
National;0845314
National;0845320
National;0845321
National;0845322
National;0845323
National;0845330
National;0845331
National;0845332
National;0845333
National;0845334
National;0845335
National;0845340
National;0845341
National;0845342
National;0845343
National;0845344
National;0845345
National;0845348
National;0845350
National;0845351
National;0845353
National;0845355
National;0845356
National;0845357
National;0845358
National;0845359
National;0845360
National;0845361
National;0845366
National;0845367
National;0845369
National;0845377
National;0845378
National;0845380
National;0845399
National;0845400
National;0845405
National;0845408
National;0845410
National;0845412
National;0845414
National;0845422
National;0845424
National;0845432
National;0845434
National;084544
National;0845450
National;0845451
National;0845452
National;0845453
National;0845454
National;0845455
National;0845456
National;0845458
National;0845464
National;0845484
National;0845490
National;084560
National;0845610
National;0845611
National;0845613
National;0845616
National;0845620
National;0845622
National;0845623
National;0845624
National;0845626
National;0845630
National;0845633
National;0845634
National;0845635
National;0845636
National;0845638
National;0845640
National;0845641
National;0845644
National;0845645
National;0845650
National;0845651
National;0845654
National;0845655
National;0845656
National;0845657
National;0845658
National;084566
National;0845670
National;0845671
National;0845672
National;0845673
National;0845674
National;0845675
National;0845676
National;0845677
National;0845678
National;0845679
National;0845680
National;0845681
National;0845682
National;0845685
National;0845688
National;0845690
National;0845696
National;0845698
National;0845699
National;08457
National;0845800
National;0845801
National;0845808
National;0845818
National;0845819
National;084582
National;0845830
National;0845833
National;0845834
National;0845835
National;084584
National;0845850
National;0845854
National;0845855
National;0845858
National;0845859
National;0845870
National;0845875
National;0845876
National;0845877
National;0845878
National;0845879
National;084588
National;0845891
National;0845893
National;0845898
National;0845900
National;0845901
National;0845902
National;0845903
National;0845904
National;0845905
National;0845906
National;0845907
National;0845908
National;0845909
National;084591
National;084592
National;084593
National;084594
National;084595
National;084596
National;084597
National;084598
National;084599
National;087000
National;0870000
National;0870001
National;0870002
National;0870003
National;0870004
National;0870005
National;0870006
National;0870007
National;0870008
National;0870009
National;087001
National;0870010
National;0870011
National;0870012
National;0870013
National;0870014
National;0870015
National;0870016
National;0870017
National;0870018
National;0870019
National;087002
National;0870020
National;0870021
National;0870022
National;0870023
National;0870024
National;0870025
National;0870026
National;0870027
National;0870028
National;0870029
National;087003
National;0870030
National;0870031
National;0870032
National;0870033
National;0870034
National;0870035
National;0870036
National;0870037
National;0870038
National;0870039
National;087004
National;0870040
National;0870041
National;0870042
National;0870043
National;0870044
National;0870045
National;0870046
National;0870047
National;0870048
National;0870049
National;087005
National;0870050
National;0870051
National;0870052
National;0870053
National;0870054
National;0870055
National;0870056
National;0870058
National;087006
National;0870060
National;0870063
National;0870064
National;0870065
National;0870066
National;0870067
National;0870068
National;0870069
National;087007
National;087008
National;0870080
National;0870081
National;0870082
National;0870083
National;0870084
National;0870085
National;0870086
National;0870087
National;0870088
National;087009
National;0870090
National;0870092
National;0870094
National;0870095
National;0870096
National;0870099
National;087010
National;087011
National;0870110
National;0870111
National;0870112
National;0870113
National;0870114
National;0870115
National;0870116
National;0870117
National;0870118
National;087012
National;087013
National;087014
National;0870140
National;0870141
National;0870142
National;0870143
National;0870144
National;0870145
National;0870146
National;0870147
National;0870148
National;0870149
National;087015
National;087016
National;087017
National;0870170
National;0870171
National;0870173
National;0870174
National;0870177
National;0870178
National;0870179
National;0870186
National;0870187
National;0870189
National;087019
National;0870190
National;0870191
National;0870192
National;0870193
National;0870194
National;0870195
National;0870196
National;0870197
National;0870199
National;08702
National;087020
National;0870220
National;0870221
National;0870222
National;0870223
National;0870224
National;0870225
National;0870226
National;0870230
National;0870231
National;0870232
National;0870233
National;0870234
National;0870235
National;0870236
National;0870237
National;0870238
National;0870239
National;0870240
National;0870241
National;0870242
National;0870243
National;0870244
National;0870245
National;0870246
National;0870247
National;0870248
National;0870250
National;0870251
National;0870254
National;0870260
National;0870262
National;0870264
National;0870266
National;0870267
National;0870268
National;087027
National;0870280
National;0870281
National;0870282
National;0870283
National;0870284
National;0870285
National;0870286
National;0870287
National;087029
National;08703
National;0870300
National;0870301
National;0870302
National;0870303
National;0870304
National;0870305
National;0870306
National;0870307
National;0870308
National;0870309
National;0870310
National;0870311
National;0870312
National;0870313
National;0870314
National;0870315
National;0870316
National;0870317
National;0870318
National;0870319
National;0870320
National;0870321
National;0870322
National;0870323
National;0870324
National;0870325
National;0870327
National;0870330
National;0870331
National;0870333
National;0870334
National;0870340
National;0870343
National;0870345
National;0870348
National;0870350
National;0870355
National;0870357
National;0870358
National;0870366
National;0870367
National;0870370
National;0870372
National;0870373
National;0870374
National;0870375
National;0870376
National;0870377
National;0870380
National;0870381
National;0870382
National;0870383
National;0870386
National;087039
National;08704
National;0870400
National;0870401
National;0870402
National;0870403
National;0870404
National;0870405
National;0870406
National;0870407
National;087041
National;087042
National;0870430
National;0870432
National;0870438
National;0870440
National;0870441
National;0870442
National;0870443
National;0870444
National;0870445
National;0870450
National;0870451
National;0870452
National;0870453
National;0870454
National;0870455
National;0870456
National;0870457
National;0870458
National;0870459
National;0870460
National;0870464
National;0870466
National;0870467
National;0870470
National;0870474
National;0870484
National;0870486
National;0870487
National;0870488
National;0870496
National;0870499
National;08705
National;08706
National;087060
National;0870624
National;08707
National;087070
National;0870710
National;0870711
National;0870712
National;0870717
National;087072
National;087073
National;087074
National;087075
National;0870760
National;0870761
National;0870762
National;0870763
National;0870765
National;0870766
National;0870767
National;0870768
National;0870769
National;0870770
National;0870771
National;0870772
National;0870774
National;0870775
National;0870776
National;0870777
National;0870778
National;0870779
National;0870780
National;0870785
National;0870787
National;0870788
National;0870789
National;0870790
National;0870791
National;0870794
National;0870797
National;0870799
National;08708
National;0870800
National;0870801
National;0870802
National;0870807
National;0870808
National;0870809
National;0870810
National;0870820
National;0870822
National;0870828
National;087083
National;087084
National;0870850
National;0870852
National;0870853
National;0870859
National;0870860
National;0870866
National;0870868
National;0870869
National;0870870
National;0870871
National;0870872
National;0870873
National;0870874
National;0870875
National;0870876
National;0870877
National;0870878
National;0870879
National;0870880
National;0870881
National;0870882
National;0870883
National;0870884
National;0870885
National;0870886
National;0870887
National;0870888
National;0870889
National;087089
National;08709
National;087090
National;0870910
National;0870911
National;0870914
National;0870920
National;0870922
National;0870923
National;0870925
National;0870935
National;0870940
National;0870968
National;0870970
National;087098
National;0870990
National;0870991
National;0870992
National;0870993
National;0870994
National;0870998
National;0871000
Intl;1
Intl;20
Intl;212
Intl;213
Intl;216
Intl;218
Intl;220
Intl;221
Intl;222
Intl;223
Intl;224
Intl;225
Intl;226
Intl;227
Intl;228
Intl;229
Intl;230
Intl;231
Intl;232
Intl;233
Intl;234
Intl;235
Intl;236
Intl;237
Intl;238
Intl;239
Intl;240
Intl;241
Intl;242
Intl;243
Intl;244
Intl;245
Intl;246
Intl;247
Intl;248
Intl;249
Intl;250
Intl;251
Intl;252
Intl;253
Intl;254
Intl;255
Intl;256
Intl;257
Intl;258
Intl;260
Intl;261
Intl;262
Intl;263
Intl;264
Intl;265
Intl;266
Intl;267
Intl;268
Intl;269
Intl;27
Intl;290
Intl;291
Intl;297
Intl;298
Intl;299
Intl;30
Intl;31
Intl;32
Intl;33
Intl;34
Intl;350
Intl;351
Intl;352
Intl;353
Intl;354
Intl;355
Intl;356
Intl;357
Intl;358
Intl;359
Intl;36
Intl;370
Intl;371
Intl;372
Intl;373
Intl;374
Intl;375
Intl;376
Intl;377
Intl;378
Intl;380
Intl;381
Intl;385
Intl;386
Intl;387
Intl;389
Intl;39
Intl;40
Intl;41
Intl;420
Intl;421
Intl;423
Intl;43
Intl;44
Intl;45
Intl;46
Intl;47
Intl;48
Intl;49
Intl;500
Intl;501
Intl;502
Intl;503
Intl;504
Intl;505
Intl;506
Intl;507
Intl;508
Intl;509
Intl;51
Intl;52
Intl;53
Intl;5399
Intl;54
Intl;55
Intl;56
Intl;57
Intl;58
Intl;590
Intl;591
Intl;592
Intl;593
Intl;594
Intl;595
Intl;596
Intl;597
Intl;598
Intl;599
Intl;60
Intl;61
Intl;62
Intl;63
Intl;64
Intl;65
Intl;66
Intl;670
Intl;672
Intl;673
Intl;674
Intl;675
Intl;676
Intl;677
Intl;678
Intl;679
Intl;680
Intl;681
Intl;682
Intl;683
Intl;684
Intl;685
Intl;686
Intl;687
Intl;688
Intl;689
Intl;690
Intl;691
Intl;692
Intl;7
Intl;808
Intl;81
Intl;82
Intl;84
Intl;850
Intl;852
Intl;853
Intl;855
Intl;856
Intl;86
Intl;870
Intl;871
Intl;872
Intl;873
Intl;874
Intl;878
Intl;880
Intl;881
Intl;8816
Intl;88213
Intl;88216
Intl;886
Intl;90
Intl;91
Intl;92
Intl;93
Intl;94
Intl;95
Intl;960
Intl;961
Intl;962
Intl;963
Intl;964
Intl;965
Intl;966
Intl;967
Intl;968
Intl;970
Intl;971
Intl;972
Intl;973
Intl;974
Intl;975
Intl;976
Intl;977
Intl;98
Intl;992
Intl;993
Intl;994
Intl;995
Intl;996
Intl;998
PRS;09001
PRS;09002
PRS;090030
PRS;090031
PRS;090032
PRS;090033
PRS;090034
PRS;090035
PRS;090036
PRS;090037
PRS;090038
PRS;090039
PRS;09004
PRS;090052
PRS;090053
PRS;090056
PRS;090057
PRS;0900590
PRS;0900591
PRS;0900592
PRS;0900593
PRS;090062
PRS;090066
PRS;090069
PRS;090074
PRS;090077
PRS;0900777
PRS;090078
PRS;0900790
PRS;0900791
PRS;0900792
PRS;0900793
PRS;0900794
PRS;0900795
PRS;0900796
PRS;0900797
PRS;0900798
PRS;0900799
PRS;090080
PRS;090084
PRS;090088
PRS;090090
PRS;090091
PRS;090092
PRS;090095
PRS;090096
PRS;090098
PRS;090099
PRS;090100
PRS;090101
PRS;090102
PRS;0901020
PRS;0901021
PRS;0901022
PRS;0901023
PRS;0901024
PRS;0901025
PRS;0901026
PRS;0901027
PRS;0901028
PRS;0901029
PRS;0901030
PRS;0901031
PRS;0901032
PRS;0901034
PRS;0901035
PRS;0901038
PRS;0901039
PRS;090104
PRS;090105
PRS;0901050
PRS;0901051
PRS;0901052
PRS;0901054
PRS;0901055
PRS;090106
PRS;0901060
PRS;0901061
PRS;0901062
PRS;0901063
PRS;0901064
PRS;0901065
PRS;0901066
PRS;0901067
PRS;0901068
PRS;0901069
PRS;090107
PRS;0901070
PRS;0901071
PRS;0901072
PRS;0901073
PRS;0901074
PRS;0901075
PRS;0901076
PRS;0901077
PRS;0901078
PRS;090109
PRS;0901091
PRS;0901092
PRS;0901093
PRS;0901095
PRS;0901096
PRS;0901097
PRS;0901098
PRS;0901099
PRS;0901100
PRS;0901101
PRS;0901102
PRS;0901103
PRS;0901104
PRS;0901105
PRS;0901106
PRS;0901107
PRS;0901109
PRS;090111
PRS;090112
PRS;090113
PRS;090114
PRS;0901140
PRS;0901141
PRS;0901142
PRS;0901144
PRS;0901145
PRS;0901146
PRS;0901147
PRS;0901148
PRS;0901149
PRS;090115
PRS;0901150
PRS;0901151
PRS;0901152
PRS;0901153
PRS;0901154
PRS;0901155
PRS;0901156
PRS;0901157
PRS;0901158
PRS;0901159
PRS;0901166
PRS;0901167
PRS;090117
PRS;0901170
PRS;0901171
PRS;0901172
PRS;0901174
PRS;0901177
PRS;090118
PRS;0901180
PRS;0901181
PRS;0901182
PRS;0901183
PRS;0901184
PRS;0901185
PRS;0901186
PRS;0901187
PRS;0901188
PRS;0901189
PRS;090119
PRS;0901190
PRS;0901191
PRS;0901192
PRS;0901193
PRS;0901194
PRS;0901195
PRS;0901196
PRS;0901197
PRS;0901198
PRS;0901199
PRS;090120
PRS;0901200
PRS;0901201
PRS;0901202
PRS;0901203
PRS;0901204
PRS;0901205
PRS;0901206
PRS;0901207
PRS;0901208
PRS;0901209
PRS;090121
PRS;090122
PRS;0901220
PRS;0901221
PRS;0901222
PRS;0901223
PRS;0901224
PRS;0901225
PRS;0901226
PRS;0901227
PRS;0901228
PRS;0901229
PRS;090123
PRS;0901230
PRS;0901231
PRS;0901232
PRS;0901233
PRS;0901234
PRS;0901235
PRS;0901236
PRS;0901237
PRS;0901238
PRS;0901239
PRS;090124
PRS;0901240
PRS;0901241
PRS;0901243
PRS;0901244
PRS;0901245
PRS;0901246
PRS;0901247
PRS;0901248
PRS;0901249
PRS;090125
PRS;0901250
PRS;0901251
PRS;0901252
PRS;0901255
PRS;0901256
PRS;0901258
PRS;090126
PRS;0901260
PRS;0901261
PRS;0901262
PRS;0901263
PRS;0901264
PRS;0901265
PRS;0901266
PRS;0901267
PRS;0901269
PRS;090127
PRS;090128
PRS;0901280
PRS;0901281
PRS;0901282
PRS;0901283
PRS;0901288
PRS;0901289
PRS;090129
PRS;0901290
PRS;0901291
PRS;0901292
PRS;0901293
PRS;0901294
PRS;0901295
PRS;0901296
PRS;0901297
PRS;0901298
PRS;0901299
PRS;090130
PRS;0901300
PRS;0901301
PRS;0901302
PRS;0901303
PRS;0901304
PRS;0901305
PRS;0901306
PRS;0901307
PRS;0901308
PRS;0901309
PRS;090131
PRS;0901311
PRS;0901313
PRS;0901314
PRS;090132
PRS;0901320
PRS;0901321
PRS;0901322
PRS;0901323
PRS;0901324
PRS;0901325
PRS;0901326
PRS;0901327
PRS;0901328
PRS;090133
PRS;0901330
PRS;0901331
PRS;0901332
PRS;0901333
PRS;0901334
PRS;0901335
PRS;0901336
PRS;0901337
PRS;0901338
PRS;0901339
PRS;090134
PRS;0901340
PRS;0901345
PRS;090135
PRS;0901350
PRS;0901351
PRS;0901353
PRS;0901355
PRS;090136
PRS;0901360
PRS;0901361
PRS;0901363
PRS;090138
PRS;090140
PRS;090141
PRS;0901410
PRS;0901411
PRS;0901414
PRS;090142
PRS;0901420
PRS;0901422
PRS;0901424
PRS;0901425
PRS;0901426
PRS;0901428
PRS;090143
PRS;0901430
PRS;0901432
PRS;0901434
PRS;090144
PRS;090145
PRS;0901450
PRS;0901451
PRS;0901452
PRS;0901454
PRS;0901455
PRS;0901456
PRS;0901458
PRS;090146
PRS;090147
PRS;090148
PRS;0901480
PRS;0901481
PRS;0901482
PRS;0901484
PRS;0901485
PRS;0901488
PRS;090149
PRS;090150
PRS;090155
PRS;0901550
PRS;0901551
PRS;0901552
PRS;0901553
PRS;0901554
PRS;0901555
PRS;0901556
PRS;0901557
PRS;0901559
PRS;090156
PRS;090159
PRS;0901590
PRS;0901591
PRS;0901595
PRS;090160
PRS;0901600
PRS;0901601
PRS;0901602
PRS;0901603
PRS;0901604
PRS;0901605
PRS;0901606
PRS;0901607
PRS;0901608
PRS;0901609
PRS;090164
PRS;0901640
PRS;0901644
PRS;090165
PRS;0901650
PRS;0901652
PRS;0901655
PRS;0901656
PRS;090166
PRS;090170
PRS;0901700
PRS;0901701
PRS;0901702
PRS;0901703
PRS;0901704
PRS;0901705
PRS;0901706
PRS;0901707
PRS;0901708
PRS;0901709
PRS;090171
PRS;0901711
PRS;0901717
PRS;090172
PRS;0901720
PRS;0901723
PRS;0901727
PRS;090174
PRS;090177
PRS;0901770
PRS;0901771
PRS;0901772
PRS;0901800
PRS;0901801
PRS;0901802
PRS;0901803
PRS;0901804
PRS;0901805
PRS;0901806
PRS;0901807
PRS;0901808
PRS;0901809
PRS;090181
PRS;0901810
PRS;0901811
PRS;0901812
PRS;0901813
PRS;0901814
PRS;0901815
PRS;0901816
PRS;0901817
PRS;0901818
PRS;0901819
PRS;090182
PRS;0901820
PRS;0901828
PRS;090188
PRS;090190
PRS;090191
PRS;0901910
PRS;0901911
PRS;0901912
PRS;0901913
PRS;0901914
PRS;0901915
PRS;0901916
PRS;0901919
PRS;090192
PRS;0901920
PRS;0901921
PRS;0901922
PRS;0901923
PRS;0901924
PRS;0901925
PRS;0901926
PRS;0901927
PRS;0901928
PRS;0901929
PRS;090193
PRS;0901930
PRS;0901932
PRS;0901939
PRS;090199
PRS;0901990
PRS;0901991
PRS;0901992
PRS;0901994
PRS;0901996
PRS;0901999
PRS;090200
PRS;090208
PRS;09021
PRS;090229
PRS;090251
PRS;090290
PRS;090295
PRS;090298
PRS;0903
PRS;090401
PRS;090500
PRS;0905000
PRS;0905001
PRS;0905002
PRS;0905003
PRS;0905004
PRS;0905005
PRS;0905006
PRS;0905007
PRS;0905008
PRS;0905009
PRS;090501
PRS;0905010
PRS;0905011
PRS;0905012
PRS;0905013
PRS;0905014
PRS;0905015
PRS;0905016
PRS;0905017
PRS;0905018
PRS;0905019
PRS;090502
PRS;0905020
PRS;0905021
PRS;0905022
PRS;0905023
PRS;0905024
PRS;0905025
PRS;0905026
PRS;0905027
PRS;0905028
PRS;0905029
PRS;090503
PRS;0905030
PRS;0905031
PRS;0905032
PRS;0905033
PRS;0905034
PRS;0905035
PRS;0905036
PRS;0905037
PRS;0905038
PRS;0905039
PRS;090504
PRS;0905040
PRS;0905041
PRS;0905042
PRS;0905044
PRS;0905045
PRS;0905048
PRS;0905049
PRS;0905050
PRS;0905051
PRS;0905052
PRS;0905053
PRS;0905054
PRS;0905055
PRS;0905056
PRS;0905057
PRS;0905058
PRS;0905059
PRS;090506
PRS;0905060
PRS;0905061
PRS;0905062
PRS;0905063
PRS;0905064
PRS;0905065
PRS;0905066
PRS;0905067
PRS;0905068
PRS;0905069
PRS;090507
PRS;0905070
PRS;0905071
PRS;0905072
PRS;0905073
PRS;0905074
PRS;0905075
PRS;0905076
PRS;0905077
PRS;0905078
PRS;0905079
PRS;090508
PRS;0905080
PRS;0905081
PRS;0905082
PRS;0905083
PRS;0905084
PRS;0905085
PRS;0905086
PRS;0905087
PRS;0905088
PRS;0905089
PRS;090509
PRS;0905090
PRS;0905091
PRS;0905092
PRS;0905093
PRS;0905094
PRS;0905095
PRS;0905096
PRS;0905097
PRS;0905098
PRS;0905099
PRS;090510
PRS;0905100
PRS;0905101
PRS;0905102
PRS;0905103
PRS;0905104
PRS;0905105
PRS;0905106
PRS;0905107
PRS;0905108
PRS;0905109
PRS;090511
PRS;0905110
PRS;0905111
PRS;0905112
PRS;0905113
PRS;0905114
PRS;0905115
PRS;0905116
PRS;0905117
PRS;0905118
PRS;0905119
PRS;090512
PRS;0905120
PRS;0905121
PRS;0905122
PRS;0905123
PRS;0905124
PRS;0905125
PRS;0905126
PRS;0905127
PRS;0905128
PRS;0905129
PRS;090513
PRS;0905130
PRS;0905131
PRS;0905132
PRS;0905133
PRS;0905134
PRS;0905135
PRS;0905136
PRS;0905137
PRS;0905138
PRS;0905139
PRS;090514
PRS;0905141
PRS;0905142
PRS;0905143
PRS;0905145
PRS;0905146
PRS;0905147
PRS;090515
PRS;0905150
PRS;0905151
PRS;0905152
PRS;0905153
PRS;0905154
PRS;0905155
PRS;0905156
PRS;0905158
PRS;0905159
PRS;090516
PRS;0905160
PRS;0905161
PRS;0905162
PRS;0905163
PRS;0905164
PRS;0905165
PRS;0905166
PRS;0905167
PRS;0905168
PRS;0905169
PRS;090517
PRS;0905170
PRS;0905171
PRS;0905176
PRS;0905177
PRS;0905178
PRS;0905179
PRS;090518
PRS;0905180
PRS;0905181
PRS;0905182
PRS;0905183
PRS;0905184
PRS;0905186
PRS;0905187
PRS;0905188
PRS;0905189
PRS;090519
PRS;0905190
PRS;0905191
PRS;0905192
PRS;0905193
PRS;0905194
PRS;0905196
PRS;0905199
PRS;090520
PRS;0905200
PRS;0905201
PRS;0905202
PRS;0905203
PRS;0905204
PRS;0905205
PRS;0905206
PRS;0905208
PRS;0905209
PRS;090521
PRS;0905210
PRS;0905211
PRS;0905212
PRS;0905213
PRS;0905214
PRS;0905215
PRS;0905216
PRS;0905217
PRS;0905218
PRS;0905219
PRS;090522
PRS;0905220
PRS;0905221
PRS;0905222
PRS;0905223
PRS;0905224
PRS;0905225
PRS;0905226
PRS;0905228
PRS;090523
PRS;0905230
PRS;0905231
PRS;0905232
PRS;0905233
PRS;0905234
PRS;0905235
PRS;0905236
PRS;0905237
PRS;0905238
PRS;0905239
PRS;090524
PRS;0905240
PRS;0905241
PRS;0905242
PRS;0905243
PRS;0905244
PRS;0905245
PRS;0905246
PRS;0905247
PRS;0905248
PRS;0905249
PRS;090525
PRS;0905250
PRS;0905251
PRS;0905252
PRS;0905253
PRS;0905254
PRS;0905255
PRS;0905256
PRS;0905257
PRS;0905258
PRS;0905259
PRS;0905260
PRS;0905261
PRS;0905262
PRS;0905263
PRS;0905264
PRS;0905265
PRS;0905266
PRS;0905267
PRS;090527
PRS;0905270
PRS;0905271
PRS;0905272
PRS;0905273
PRS;0905274
PRS;0905275
PRS;0905276
PRS;0905277
PRS;0905278
PRS;0905279
PRS;090528
PRS;0905280
PRS;0905281
PRS;0905282
PRS;0905283
PRS;0905284
PRS;0905285
PRS;0905286
PRS;0905287
PRS;0905288
PRS;0905289
PRS;090529
PRS;0905290
PRS;0905291
PRS;0905292
PRS;0905293
PRS;0905294
PRS;0905295
PRS;0905296
PRS;0905297
PRS;0905298
PRS;0905299
PRS;090530
PRS;0905300
PRS;0905301
PRS;0905302
PRS;0905303
PRS;0905304
PRS;0905305
PRS;0905306
PRS;0905307
PRS;0905308
PRS;0905309
PRS;090531
PRS;0905310
PRS;0905311
PRS;0905312
PRS;0905313
PRS;0905314
PRS;0905315
PRS;0905316
PRS;0905317
PRS;0905318
PRS;0905319
PRS;090532
PRS;0905320
PRS;0905321
PRS;0905322
PRS;0905323
PRS;0905324
PRS;0905325
PRS;0905326
PRS;0905327
PRS;0905328
PRS;0905329
PRS;090533
PRS;0905330
PRS;0905331
PRS;0905332
PRS;0905333
PRS;0905334
PRS;0905335
PRS;0905336
PRS;0905337
PRS;0905338
PRS;0905339
PRS;090534
PRS;0905340
PRS;0905341
PRS;0905342
PRS;0905343
PRS;0905344
PRS;0905345
PRS;0905346
PRS;0905347
PRS;0905348
PRS;0905349
PRS;090535
PRS;0905350
PRS;0905351
PRS;0905352
PRS;0905353
PRS;0905354
PRS;0905355
PRS;0905356
PRS;0905357
PRS;0905358
PRS;0905359
PRS;090536
PRS;0905360
PRS;0905361
PRS;0905362
PRS;0905363
PRS;0905364
PRS;0905365
PRS;0905366
PRS;0905367
PRS;0905368
PRS;0905369
PRS;090537
PRS;0905370
PRS;0905371
PRS;0905372
PRS;0905373
PRS;0905374
PRS;0905375
PRS;0905376
PRS;0905377
PRS;0905378
PRS;0905379
PRS;090538
PRS;0905380
PRS;0905381
PRS;0905382
PRS;0905383
PRS;0905384
PRS;0905385
PRS;0905386
PRS;0905387
PRS;0905388
PRS;0905389
PRS;090539
PRS;0905390
PRS;0905391
PRS;0905393
PRS;0905396
PRS;090540
PRS;0905400
PRS;0905401
PRS;0905402
PRS;0905403
PRS;0905404
PRS;0905405
PRS;0905406
PRS;0905407
PRS;0905408
PRS;0905409
PRS;090541
PRS;0905410
PRS;0905411
PRS;0905412
PRS;0905413
PRS;0905414
PRS;0905415
PRS;0905416
PRS;0905417
PRS;0905418
PRS;0905419
PRS;090542
PRS;0905420
PRS;0905421
PRS;0905422
PRS;0905423
PRS;0905424
PRS;0905425
PRS;0905426
PRS;0905427
PRS;0905428
PRS;0905429
PRS;090543
PRS;0905430
PRS;0905431
PRS;0905432
PRS;0905433
PRS;0905434
PRS;0905435
PRS;0905436
PRS;0905439
PRS;090544
PRS;0905441
PRS;0905442
PRS;0905443
PRS;0905444
PRS;0905445
PRS;0905446
PRS;090545
PRS;0905450
PRS;0905451
PRS;0905452
PRS;0905453
PRS;0905454
PRS;0905455
PRS;0905456
PRS;0905457
PRS;0905458
PRS;0905459
PRS;090546
PRS;0905460
PRS;0905461
PRS;0905462
PRS;0905463
PRS;0905464
PRS;0905465
PRS;0905466
PRS;0905467
PRS;0905468
PRS;0905469
PRS;090547
PRS;0905470
PRS;0905471
PRS;0905472
PRS;0905473
PRS;0905474
PRS;0905475
PRS;0905476
PRS;0905477
PRS;0905478
PRS;0905479
PRS;090548
PRS;0905480
PRS;0905481
PRS;0905482
PRS;0905483
PRS;0905484
PRS;0905485
PRS;0905486
PRS;0905487
PRS;0905488
PRS;0905489
PRS;090549
PRS;0905490
PRS;0905491
PRS;0905492
PRS;0905493
PRS;0905494
PRS;0905495
PRS;0905496
PRS;0905497
PRS;0905498
PRS;0905499
PRS;090551
PRS;0905511
PRS;0905512
PRS;0905513
PRS;0905514
PRS;0905515
PRS;0905516
PRS;0905517
PRS;0905518
PRS;0905519
PRS;090552
PRS;0905520
PRS;0905521
PRS;0905522
PRS;0905523
PRS;0905524
PRS;0905526
PRS;090553
PRS;0905530
PRS;0905533
PRS;0905535
PRS;0905539
PRS;090554
PRS;0905540
PRS;0905541
PRS;0905542
PRS;0905543
PRS;0905544
PRS;0905545
PRS;0905546
PRS;0905547
PRS;0905548
PRS;0905549
PRS;090556
PRS;0905560
PRS;0905561
PRS;0905562
PRS;0905563
PRS;0905564
PRS;0905565
PRS;0905566
PRS;0905567
PRS;0905568
PRS;0905569
PRS;090557
PRS;0905570
PRS;0905571
PRS;0905575
PRS;0905576
PRS;0905577
PRS;090558
PRS;0905580
PRS;0905581
PRS;0905582
PRS;0905583
PRS;0905584
PRS;0905585
PRS;0905586
PRS;0905587
PRS;0905588
PRS;0905589
PRS;090559
PRS;0905590
PRS;0905591
PRS;0905594
PRS;0905595
PRS;0905599
PRS;090560
PRS;0905600
PRS;0905601
PRS;0905602
PRS;0905603
PRS;0905604
PRS;0905605
PRS;0905606
PRS;0905607
PRS;0905608
PRS;0905609
PRS;090562
PRS;0905620
PRS;0905621
PRS;0905622
PRS;0905623
PRS;0905626
PRS;090563
PRS;0905630
PRS;0905633
PRS;0905634
PRS;0905635
PRS;0905636
PRS;090564
PRS;0905640
PRS;0905644
PRS;0905646
PRS;0905647
PRS;090565
PRS;0905650
PRS;0905651
PRS;0905654
PRS;0905655
PRS;0905656
PRS;0905657
PRS;090566
PRS;0905660
PRS;0905662
PRS;0905663
PRS;0905664
PRS;0905665
PRS;0905666
PRS;0905668
PRS;0905669
PRS;090567
PRS;0905670
PRS;0905671
PRS;0905672
PRS;0905675
PRS;0905676
PRS;0905677
PRS;0905678
PRS;090569
PRS;0905690
PRS;0905691
PRS;0905692
PRS;0905693
PRS;0905694
PRS;0905695
PRS;0905696
PRS;0905697
PRS;0905698
PRS;0905699
PRS;090580
PRS;0905800
PRS;0905801
PRS;0905802
PRS;0905803
PRS;0905805
PRS;0905806
PRS;0905808
PRS;0905809
PRS;090581
PRS;0905810
PRS;0905811
PRS;0905812
PRS;0905813
PRS;0905815
PRS;0905816
PRS;0905818
PRS;090582
PRS;0905820
PRS;0905821
PRS;0905822
PRS;0905823
PRS;0905828
PRS;090583
PRS;0905830
PRS;0905831
PRS;0905832
PRS;0905833
PRS;0905834
PRS;0905838
PRS;090584
PRS;0905840
PRS;0905841
PRS;0905842
PRS;0905843
PRS;0905844
PRS;0905845
PRS;0905846
PRS;0905847
PRS;0905848
PRS;0905849
PRS;090585
PRS;0905850
PRS;0905852
PRS;0905859
PRS;090587
PRS;0905870
PRS;0905872
PRS;0905877
PRS;0905878
PRS;0905879
PRS;090589
PRS;0905890
PRS;0905891
PRS;0905895
PRS;0905898
PRS;0905899
PRS;090590
PRS;090592
PRS;090593
PRS;090594
PRS;090595
PRS;090597
PRS;090598
PRS;090599
PRS;090600
PRS;090601
PRS;090602
PRS;090603
PRS;090604
PRS;090605
PRS;090606
PRS;090607
PRS;090608
PRS;090609
PRS;090610
PRS;0906100
PRS;0906101
PRS;0906102
PRS;0906103
PRS;0906104
PRS;0906105
PRS;0906106
PRS;0906107
PRS;0906108
PRS;0906109
PRS;090611
PRS;090612
PRS;090613
PRS;090614
PRS;090615
PRS;090616
PRS;090617
PRS;0906170
PRS;0906171
PRS;0906172
PRS;0906173
PRS;0906174
PRS;0906175
PRS;0906176
PRS;0906177
PRS;0906178
PRS;0906179
PRS;090618
PRS;090619
PRS;090620
PRS;0906200
PRS;0906201
PRS;0906202
PRS;0906203
PRS;0906204
PRS;0906205
PRS;0906206
PRS;0906207
PRS;0906208
PRS;0906209
PRS;090621
PRS;0906210
PRS;0906211
PRS;0906212
PRS;0906213
PRS;0906214
PRS;0906215
PRS;0906216
PRS;0906217
PRS;0906218
PRS;0906219
PRS;090622
PRS;090623
PRS;0906230
PRS;0906231
PRS;0906232
PRS;0906233
PRS;0906234
PRS;0906235
PRS;0906236
PRS;0906239
PRS;090624
PRS;090625
PRS;090626
PRS;0906260
PRS;0906261
PRS;0906262
PRS;0906263
PRS;0906264
PRS;0906265
PRS;0906266
PRS;0906267
PRS;0906268
PRS;0906269
PRS;090627
PRS;090628
PRS;0906280
PRS;0906281
PRS;0906282
PRS;0906283
PRS;0906284
PRS;0906285
PRS;0906286
PRS;0906287
PRS;0906288
PRS;0906289
PRS;090629
PRS;0906290
PRS;0906291
PRS;0906292
PRS;0906293
PRS;0906294
PRS;0906295
PRS;0906296
PRS;0906298
PRS;0906299
PRS;090630
PRS;0906300
PRS;0906301
PRS;0906302
PRS;0906304
PRS;0906305
PRS;0906306
PRS;0906307
PRS;0906308
PRS;0906309
PRS;090631
PRS;090632
PRS;0906320
PRS;0906321
PRS;0906322
PRS;0906323
PRS;0906324
PRS;0906325
PRS;0906326
PRS;0906327
PRS;0906328
PRS;0906329
PRS;090633
PRS;090634
PRS;0906340
PRS;0906341
PRS;0906342
PRS;0906343
PRS;0906344
PRS;0906345
PRS;0906346
PRS;0906347
PRS;0906348
PRS;0906349
PRS;090635
PRS;090636
PRS;090637
PRS;090638
PRS;090639
PRS;090640
PRS;0906400
PRS;0906401
PRS;0906402
PRS;0906403
PRS;0906404
PRS;0906405
PRS;0906406
PRS;0906407
PRS;0906408
PRS;0906409
PRS;090641
PRS;090642
PRS;090643
PRS;0906430
PRS;0906432
PRS;0906433
PRS;0906434
PRS;0906436
PRS;090644
PRS;0906444
PRS;0906448
PRS;090645
PRS;0906450
PRS;0906451
PRS;0906453
PRS;0906454
PRS;090646
PRS;090647
PRS;090648
PRS;090649
PRS;0906490
PRS;0906491
PRS;0906492
PRS;0906494
PRS;0906495
PRS;0906496
PRS;0906498
PRS;0906499
PRS;090650
PRS;0906500
PRS;0906501
PRS;0906502
PRS;0906504
PRS;0906505
PRS;0906509
PRS;090651
PRS;0906510
PRS;0906511
PRS;0906512
PRS;0906513
PRS;0906514
PRS;0906515
PRS;0906516
PRS;0906518
PRS;0906519
PRS;090652
PRS;0906520
PRS;0906522
PRS;0906524
PRS;0906525
PRS;0906526
PRS;0906527
PRS;0906528
PRS;0906529
PRS;090653
PRS;0906530
PRS;0906532
PRS;0906533
PRS;0906534
PRS;0906535
PRS;0906536
PRS;0906538
PRS;090654
PRS;090655
PRS;090656
PRS;090657
PRS;0906571
PRS;0906576
PRS;0906577
PRS;090658
PRS;0906580
PRS;0906581
PRS;0906582
PRS;0906583
PRS;0906584
PRS;0906585
PRS;0906586
PRS;0906587
PRS;0906589
PRS;090659
PRS;0906593
PRS;0906599
PRS;090660
PRS;0906600
PRS;0906601
PRS;0906602
PRS;0906603
PRS;0906604
PRS;0906605
PRS;0906606
PRS;0906608
PRS;0906609
PRS;090661
PRS;0906610
PRS;0906611
PRS;0906612
PRS;0906613
PRS;0906614
PRS;0906615
PRS;0906616
PRS;0906617
PRS;0906618
PRS;0906619
PRS;090663
PRS;0906631
PRS;0906632
PRS;0906633
PRS;0906634
PRS;0906636
PRS;0906637
PRS;0906638
PRS;0906639
PRS;090664
PRS;090665
PRS;090666
PRS;0906660
PRS;0906661
PRS;0906662
PRS;0906663
PRS;0906664
PRS;0906665
PRS;0906666
PRS;0906667
PRS;0906668
PRS;0906669
PRS;090667
PRS;090668
PRS;090669
PRS;0906700
PRS;0906701
PRS;0906702
PRS;0906703
PRS;0906704
PRS;0906706
PRS;0906707
PRS;0906708
PRS;0906709
PRS;090671
PRS;0906710
PRS;0906711
PRS;0906712
PRS;0906713
PRS;0906714
PRS;0906715
PRS;0906716
PRS;0906717
PRS;0906718
PRS;0906719
PRS;090672
PRS;090673
PRS;0906730
PRS;0906731
PRS;0906732
PRS;0906733
PRS;0906734
PRS;0906735
PRS;0906736
PRS;0906737
PRS;0906738
PRS;0906739
PRS;090674
PRS;090675
PRS;0906750
PRS;0906751
PRS;0906752
PRS;0906753
PRS;0906754
PRS;0906755
PRS;0906756
PRS;0906757
PRS;0906758
PRS;0906759
PRS;090676
PRS;090677
PRS;0906770
PRS;0906771
PRS;0906772
PRS;0906773
PRS;0906774
PRS;0906775
PRS;0906776
PRS;0906777
PRS;0906778
PRS;090678
PRS;0906780
PRS;0906781
PRS;0906782
PRS;0906783
PRS;0906784
PRS;0906785
PRS;0906786
PRS;0906787
PRS;0906788
PRS;0906789
PRS;090679
PRS;09068
PRS;090680
PRS;090681
PRS;090682
PRS;090683
PRS;090684
PRS;090685
PRS;090686
PRS;090687
PRS;090688
PRS;0906890
PRS;0906891
PRS;0906892
PRS;0906893
PRS;0906894
PRS;0906895
PRS;0906896
PRS;0906897
PRS;0906899
PRS;090690
PRS;090691
PRS;090692
PRS;090693
PRS;090694
PRS;0906940
PRS;0906941
PRS;0906942
PRS;0906943
PRS;0906944
PRS;0906945
PRS;0906946
PRS;0906947
PRS;0906948
PRS;0906949
PRS;090695
PRS;0906950
PRS;0906951
PRS;0906952
PRS;0906953
PRS;0906954
PRS;0906955
PRS;0906956
PRS;0906957
PRS;0906958
PRS;0906959
PRS;090696
PRS;0906960
PRS;0906962
PRS;0906963
PRS;0906964
PRS;0906966
PRS;0906967
PRS;0906968
PRS;0906969
PRS;090697
PRS;090698
PRS;090699
PRS;090700
PRS;0907000
PRS;0907007
PRS;090701
PRS;0907010
PRS;0907011
PRS;0907012
PRS;0907013
PRS;0907014
PRS;0907015
PRS;0907017
PRS;0907018
PRS;0907019
PRS;090702
PRS;0907020
PRS;0907021
PRS;0907022
PRS;0907023
PRS;0907024
PRS;0907025
PRS;0907027
PRS;0907028
PRS;090705
PRS;0907050
PRS;0907051
PRS;0907052
PRS;0907053
PRS;0907054
PRS;0907055
PRS;0907056
PRS;0907057
PRS;0907058
PRS;0907059
PRS;090706
PRS;0907060
PRS;0907061
PRS;0907063
PRS;0907064
PRS;0907065
PRS;0907066
PRS;0907067
PRS;0907068
PRS;0907069
PRS;090707
PRS;0907070
PRS;0907071
PRS;0907072
PRS;0907073
PRS;0907074
PRS;0907075
PRS;0907076
PRS;0907077
PRS;0907078
PRS;090708
PRS;0907080
PRS;0907081
PRS;0907082
PRS;0907088
PRS;090709
PRS;0907090
PRS;0907091
PRS;0907096
PRS;0907099
PRS;090710
PRS;0907100
PRS;0907101
PRS;0907102
PRS;0907103
PRS;0907104
PRS;0907105
PRS;0907106
PRS;0907107
PRS;0907108
PRS;0907109
PRS;090711
PRS;0907110
PRS;0907111
PRS;0907112
PRS;0907113
PRS;0907117
PRS;0907118
PRS;090714
PRS;0907140
PRS;0907141
PRS;0907142
PRS;0907143
PRS;0907144
PRS;0907145
PRS;0907146
PRS;0907147
PRS;0907148
PRS;090715
PRS;0907150
PRS;0907151
PRS;0907152
PRS;0907153
PRS;0907154
PRS;0907155
PRS;0907156
PRS;0907157
PRS;0907158
PRS;0907159
PRS;090717
PRS;0907170
PRS;0907171
PRS;0907172
PRS;0907174
PRS;0907177
PRS;090730
PRS;0907300
PRS;0907301
PRS;0907303
PRS;0907304
PRS;0907305
PRS;0907307
PRS;090737
PRS;090744
PRS;0907440
PRS;0907444
PRS;0907447
PRS;090757
PRS;0907570
PRS;0907571
PRS;0907572
PRS;0907573
PRS;0907574
PRS;0907575
PRS;0907576
PRS;0907577
PRS;0907578
PRS;0907579
PRS;090777
PRS;0907772
PRS;0907777
PRS;0907779
PRS;090778
PRS;0907781
PRS;0907782
PRS;0907783
PRS;0907784
PRS;0907785
PRS;0907786
PRS;0907787
PRS;0907788
PRS;0907789
PRS;090790
PRS;0907900
PRS;0907903
PRS;0907905
PRS;0907907
PRS;0907909
PRS;0907910
PRS;0907919
PRS;0907920
PRS;0907929
PRS;0907930
PRS;0907935
PRS;0907939
PRS;0908
PRS;090900
PRS;090901
PRS;0909010
PRS;0909011
PRS;0909012
PRS;0909013
PRS;0909014
PRS;0909015
PRS;0909016
PRS;0909018
PRS;0909019
PRS;090902
PRS;0909020
PRS;0909021
PRS;0909022
PRS;0909023
PRS;0909024
PRS;0909025
PRS;0909026
PRS;0909027
PRS;0909028
PRS;0909029
PRS;090903
PRS;0909030
PRS;0909031
PRS;0909033
PRS;0909039
PRS;090904
PRS;090905
PRS;0909050
PRS;0909051
PRS;0909052
PRS;0909053
PRS;0909055
PRS;0909056
PRS;0909058
PRS;090906
PRS;0909060
PRS;0909061
PRS;0909066
PRS;090907
PRS;0909070
PRS;0909071
PRS;0909072
PRS;0909073
PRS;0909074
PRS;0909075
PRS;0909076
PRS;0909077
PRS;0909078
PRS;0909079
PRS;0909088
PRS;090909
PRS;090910
PRS;0909100
PRS;0909101
PRS;0909102
PRS;0909103
PRS;0909104
PRS;0909105
PRS;0909106
PRS;0909107
PRS;0909108
PRS;0909109
PRS;090911
PRS;0909110
PRS;0909111
PRS;0909112
PRS;0909114
PRS;0909115
PRS;0909116
PRS;0909118
PRS;090912
PRS;0909120
PRS;0909122
PRS;0909123
PRS;0909128
PRS;090913
PRS;0909130
PRS;0909131
PRS;0909132
PRS;0909133
PRS;0909136
PRS;0909138
PRS;090914
PRS;0909140
PRS;0909144
PRS;090915
PRS;0909150
PRS;0909154
PRS;0909155
PRS;090916
PRS;0909160
PRS;0909165
PRS;0909166
PRS;090917
PRS;0909170
PRS;0909171
PRS;0909172
PRS;0909177
PRS;0909178
PRS;090918
PRS;0909180
PRS;0909186
PRS;0909188
PRS;090919
PRS;0909190
PRS;0909199
PRS;090920
PRS;0909200
PRS;0909201
PRS;0909202
PRS;0909203
PRS;0909204
PRS;0909205
PRS;0909206
PRS;0909207
PRS;0909208
PRS;0909209
PRS;090921
PRS;0909210
PRS;0909211
PRS;0909212
PRS;0909213
PRS;0909214
PRS;0909215
PRS;0909216
PRS;0909217
PRS;0909218
PRS;0909219
PRS;090922
PRS;090923
PRS;0909230
PRS;0909231
PRS;0909232
PRS;0909239
PRS;090924
PRS;0909240
PRS;0909241
PRS;0909242
PRS;0909243
PRS;0909244
PRS;0909245
PRS;0909246
PRS;0909247
PRS;0909249
PRS;090925
PRS;0909250
PRS;0909251
PRS;0909252
PRS;0909253
PRS;090926
PRS;0909262
PRS;0909264
PRS;0909266
PRS;0909269
PRS;090927
PRS;090928
PRS;0909280
PRS;0909281
PRS;0909282
PRS;0909283
PRS;090929
PRS;0909291
PRS;0909292
PRS;0909293
PRS;0909294
PRS;0909295
PRS;0909296
PRS;0909297
PRS;0909298
PRS;0909299
PRS;090930
PRS;090931
PRS;090932
PRS;090933
PRS;090934
PRS;090935
PRS;090936
PRS;090937
PRS;090938
PRS;090939
PRS;090940
PRS;0909400
PRS;0909402
PRS;0909403
PRS;0909404
PRS;0909405
PRS;0909406
PRS;0909407
PRS;0909408
PRS;090941
PRS;0909410
PRS;0909411
PRS;0909412
PRS;0909413
PRS;0909414
PRS;0909415
PRS;0909416
PRS;0909417
PRS;0909418
PRS;0909419
PRS;090942
PRS;0909420
PRS;0909421
PRS;0909422
PRS;0909423
PRS;0909424
PRS;0909425
PRS;0909426
PRS;0909427
PRS;0909428
PRS;090943
PRS;0909432
PRS;0909433
PRS;0909434
PRS;090944
PRS;0909440
PRS;0909441
PRS;0909442
PRS;0909443
PRS;0909444
PRS;0909445
PRS;0909446
PRS;0909447
PRS;0909449
PRS;090945
PRS;0909450
PRS;0909451
PRS;0909454
PRS;0909455
PRS;090946
PRS;090947
PRS;0909477
PRS;090948
PRS;0909488
PRS;090949
PRS;0909490
PRS;0909491
PRS;0909493
PRS;0909494
PRS;0909495
PRS;090950
PRS;0909500
PRS;0909501
PRS;0909502
PRS;0909504
PRS;0909505
PRS;0909508
PRS;0909509
PRS;090952
PRS;090953
PRS;0909530
PRS;0909531
PRS;0909533
PRS;0909534
PRS;0909535
PRS;0909537
PRS;0909539
PRS;090954
PRS;0909544
PRS;0909545
PRS;0909549
PRS;090955
PRS;0909550
PRS;0909552
PRS;0909555
PRS;0909556
PRS;0909558
PRS;0909559
PRS;090958
PRS;0909580
PRS;0909582
PRS;0909584
PRS;0909585
PRS;0909586
PRS;0909588
PRS;0909589
PRS;090959
PRS;0909590
PRS;0909591
PRS;0909593
PRS;0909594
PRS;0909595
PRS;0909596
PRS;0909597
PRS;0909598
PRS;0909599
PRS;090960
PRS;0909600
PRS;0909601
PRS;0909606
PRS;0909607
PRS;090961
PRS;090963
PRS;0909630
PRS;0909633
PRS;0909635
PRS;0909636
PRS;0909638
PRS;0909639
PRS;090964
PRS;0909640
PRS;0909641
PRS;0909642
PRS;0909643
PRS;0909644
PRS;0909645
PRS;0909646
PRS;0909647
PRS;0909648
PRS;0909649
PRS;090965
PRS;0909650
PRS;0909651
PRS;0909653
PRS;0909654
PRS;0909655
PRS;0909656
PRS;0909658
PRS;0909659
PRS;090966
PRS;090967
PRS;0909670
PRS;0909671
PRS;0909672
PRS;0909673
PRS;0909674
PRS;0909675
PRS;0909676
PRS;0909677
PRS;0909678
PRS;0909679
PRS;090968
PRS;0909680
PRS;0909682
PRS;0909686
PRS;0909688
PRS;0909689
PRS;090969
PRS;090970
PRS;0909700
PRS;0909703
PRS;0909707
PRS;090971
PRS;0909710
PRS;0909711
PRS;0909713
PRS;0909715
PRS;0909716
PRS;0909717
PRS;090972
PRS;0909720
PRS;0909721
PRS;0909722
PRS;0909727
PRS;090975
PRS;0909750
PRS;0909752
PRS;0909753
PRS;0909754
PRS;0909755
PRS;0909756
PRS;0909757
PRS;0909758
PRS;0909759
PRS;090976
PRS;0909760
PRS;0909763
PRS;0909765
PRS;0909766
PRS;0909767
PRS;0909769
PRS;090977
PRS;0909770
PRS;0909771
PRS;0909772
PRS;0909773
PRS;0909774
PRS;0909775
PRS;0909776
PRS;0909778
PRS;0909779
PRS;090978
PRS;0909780
PRS;0909781
PRS;0909782
PRS;0909783
PRS;0909784
PRS;0909785
PRS;0909786
PRS;0909787
PRS;0909788
PRS;0909789
PRS;090979
PRS;0909790
PRS;0909791
PRS;0909792
PRS;0909793
PRS;0909794
PRS;0909795
PRS;0909796
PRS;0909797
PRS;0909798
PRS;0909799
PRS;090980
PRS;0909800
PRS;0909801
PRS;0909808
PRS;0909809
PRS;090981
PRS;0909810
PRS;0909811
PRS;0909812
PRS;0909815
PRS;0909818
PRS;0909819
PRS;090982
PRS;0909820
PRS;0909822
PRS;0909823
PRS;0909824
PRS;0909826
PRS;0909828
PRS;090983
PRS;0909830
PRS;0909831
PRS;0909833
PRS;0909838
PRS;0909839
PRS;090984
PRS;090985
PRS;0909850
PRS;0909851
PRS;0909852
PRS;0909854
PRS;0909855
PRS;0909856
PRS;0909857
PRS;0909858
PRS;0909859
PRS;090986
PRS;0909860
PRS;0909861
PRS;0909862
PRS;0909863
PRS;0909864
PRS;0909865
PRS;0909866
PRS;0909867
PRS;0909868
PRS;0909869
PRS;090987
PRS;0909871
PRS;0909875
PRS;0909876
PRS;0909877
PRS;0909878
PRS;090988
PRS;0909880
PRS;0909881
PRS;0909889
PRS;090989
PRS;0909890
PRS;0909891
PRS;0909892
PRS;0909893
PRS;0909894
PRS;0909895
PRS;0909896
PRS;0909897
PRS;0909898
PRS;0909899
PRS;090990
PRS;090991
PRS;0909910
PRS;0909911
PRS;0909912
PRS;0909913
PRS;0909914
PRS;0909915
PRS;0909916
PRS;0909917
PRS;0909918
PRS;0909919
PRS;090992
PRS;0909920
PRS;0909921
PRS;0909922
PRS;0909923
PRS;0909924
PRS;0909925
PRS;0909926
PRS;0909927
PRS;0909928
PRS;0909929
PRS;090993
PRS;0909930
PRS;0909931
PRS;0909932
PRS;0909933
PRS;0909934
PRS;0909935
PRS;0909936
PRS;0909937
PRS;0909938
PRS;0909939
PRS;090994
PRS;0909940
PRS;0909941
PRS;0909942
PRS;0909943
PRS;0909944
PRS;0909945
PRS;0909946
PRS;0909947
PRS;0909948
PRS;0909949
PRS;090995
PRS;0909950
PRS;0909951
PRS;0909952
PRS;0909953
PRS;0909954
PRS;0909955
PRS;0909957
PRS;0909958
PRS;0909959
PRS;090996
PRS;0909960
PRS;0909961
PRS;0909962
PRS;0909963
PRS;0909964
PRS;0909965
PRS;0909966
PRS;0909967
PRS;0909968
PRS;0909969
PRS;090997
PRS;0909970
PRS;0909971
PRS;0909972
PRS;0909973
PRS;0909974
PRS;0909975
PRS;0909976
PRS;0909977
PRS;0909978
PRS;0909979
PRS;090998
PRS;0909980
PRS;0909981
PRS;0909982
PRS;0909983
PRS;0909984
PRS;0909985
PRS;0909986
PRS;0909987
PRS;0909988
PRS;0909989
PRS;0910
PRS;0911000
PRS;0911004
PRS;0911020
PRS;0911022
PRS;0911023
PRS;091110
PRS;0911100
PRS;0911101
PRS;0911102
PRS;0911103
PRS;0911104
PRS;0911105
PRS;0911106
PRS;0911107
PRS;0911108
PRS;0911109
PRS;0911120
PRS;0911121
PRS;0911122
PRS;0911124
PRS;0911125
PRS;0911126
PRS;0911127
PRS;0911128
PRS;0911129
PRS;091113
PRS;0911130
PRS;0911131
PRS;0911132
PRS;0911133
PRS;0911134
PRS;091114
PRS;0911140
PRS;0911141
PRS;0911142
PRS;0911143
PRS;0911144
PRS;0911145
PRS;0911146
PRS;0911147
PRS;0911148
PRS;0911149
PRS;091115
PRS;0911150
PRS;0911151
PRS;0911152
PRS;0911153
PRS;0911154
PRS;0911155
PRS;0911156
PRS;0911157
PRS;0911158
PRS;0911159
PRS;091116
PRS;0911160
PRS;0911161
PRS;0911162
PRS;0911163
PRS;0911164
PRS;0911165
PRS;0911166
PRS;0911167
PRS;0911168
PRS;0911169
PRS;091117
PRS;0911170
PRS;0911171
PRS;0911172
PRS;0911173
PRS;0911174
PRS;0911175
PRS;0911176
PRS;0911177
PRS;0911178
PRS;0911179
PRS;091118
PRS;0911180
PRS;0911181
PRS;0911182
PRS;0911183
PRS;0911184
PRS;0911185
PRS;0911186
PRS;0911187
PRS;0911188
PRS;0911189
PRS;091119
PRS;0911190
PRS;0911191
PRS;0911192
PRS;0911193
PRS;0911194
PRS;0911195
PRS;0911196
PRS;0911197
PRS;0911198
PRS;0911199
PRS;091120
PRS;0911200
PRS;0911201
PRS;0911202
PRS;0911203
PRS;0911207
PRS;091121
PRS;0911211
PRS;0911212
PRS;0911213
PRS;0911220
PRS;0911221
PRS;0911222
PRS;0911223
PRS;0911224
PRS;0911225
PRS;0911228
PRS;0911229
PRS;0911230
PRS;0911231
PRS;0911232
PRS;0911233
PRS;0911234
PRS;0911235
PRS;0911236
PRS;0911239
PRS;0911240
PRS;0911241
PRS;0911242
PRS;0911244
PRS;0911245
PRS;0911246
PRS;0911249
PRS;0911250
PRS;0911252
PRS;0911254
PRS;0911255
PRS;0911256
PRS;0911257
PRS;0911259
PRS;091126
PRS;0911260
PRS;0911262
PRS;0911263
PRS;0911267
PRS;0911268
PRS;091133
PRS;0911331
PRS;0911332
PRS;0911333
PRS;091155
PRS;0911550
PRS;0911551
PRS;0911552
PRS;0911553
PRS;0911554
PRS;0911555
PRS;0911556
PRS;0911557
PRS;0911558
PRS;0911559
PRS;09116
PRS;0911623
PRS;091190
PRS;0911900
PRS;0911901
PRS;0911908
PRS;0911909
PRS;091191
PRS;0911910
PRS;0911911
PRS;0911918
PRS;0911919
PRS;0912
PRS;0913
PRS;0914
PRS;0915
PRS;0916
PRS;0917
PRS;0918
PRS;0919
Mobile;07701
Mobile;07702
Mobile;07703
Mobile;07710
Mobile;07711
Mobile;07712
Mobile;07713
Mobile;07714
Mobile;07715
Mobile;07717
Mobile;07718
Mobile;07719
Mobile;07720
Mobile;077210
Mobile;077211
Mobile;077212
Mobile;077213
Mobile;077214
Mobile;077215
Mobile;077216
Mobile;077217
Mobile;077218
Mobile;077219
Mobile;07729
Mobile;07730
Mobile;07731
Mobile;07732
Mobile;07733
Mobile;07734
Mobile;07736
Mobile;07739
Mobile;07740
Mobile;07741
Mobile;07742
Mobile;07743
Mobile;077442
Mobile;077443
Mobile;077444
Mobile;077445
Mobile;077446
Mobile;077447
Mobile;077448
Mobile;077449
Mobile;07745
Mobile;07747
Mobile;07748
Mobile;07750
Mobile;07751
Mobile;07752
Mobile;07753
Mobile;07754
Mobile;077552
Mobile;077553
Mobile;077554
Mobile;077555
Mobile;07759
Mobile;07760
Mobile;07761
Mobile;07762
Mobile;07763
Mobile;07764
Mobile;07765
Mobile;07766
Mobile;077670
Mobile;077671
Mobile;077672
Mobile;077673
Mobile;077674
Mobile;077675
Mobile;077676
Mobile;077677
Mobile;077678
Mobile;077679
Mobile;07768
Mobile;07769
Mobile;07770
Mobile;07771
Mobile;07773
Mobile;07774
Mobile;07775
Mobile;07776
Mobile;077760
Mobile;077761
Mobile;077762
Mobile;077763
Mobile;077764
Mobile;077765
Mobile;077766
Mobile;077767
Mobile;077768
Mobile;077769
Mobile;07778
Mobile;07779
Mobile;07780
Mobile;07781
Mobile;07782
Mobile;077850
Mobile;077851
Mobile;077852
Mobile;077853
Mobile;077854
Mobile;077855
Mobile;077856
Mobile;077857
Mobile;077858
Mobile;077859
Mobile;07786
Mobile;07787
Mobile;07788
Mobile;07789
Mobile;07790
Mobile;07791
Mobile;07792
Mobile;07795
Mobile;07796
Mobile;07797
Mobile;077977
Mobile;077978
Mobile;07798
Mobile;07799
Mobile;07800
Mobile;07801
Mobile;07802
Mobile;07803
Mobile;07808
Mobile;07809
Mobile;07810
Mobile;07811
Mobile;07812
Mobile;07813
Mobile;07814
Mobile;07815
Mobile;07816
Mobile;07817
Mobile;07818
Mobile;0782
Mobile;07831
Mobile;07833
Mobile;078360
Mobile;078361
Mobile;078362
Mobile;078363
Mobile;078364
Mobile;078365
Mobile;078366
Mobile;078367
Mobile;078368
Mobile;078369
Mobile;0784
Mobile;07850
Mobile;07855
Mobile;07860
Mobile;07866
Mobile;07867
Mobile;07870
Mobile;07876
Mobile;07879
Mobile;07880
Mobile;07881
Mobile;07884
Mobile;07885
Mobile;07887
Mobile;07889
Mobile;07890
Mobile;07899
Mobile;07900
Mobile;07901
Mobile;07903
Mobile;07904
Mobile;07905
Mobile;07909
Mobile;07919
Mobile;07929
Mobile;07930
Mobile;07931
Mobile;07932
Mobile;07939
Mobile;07940
Mobile;07941
Mobile;07944
Mobile;07946
Mobile;07947
Mobile;07949
Mobile;07950
Mobile;07951
Mobile;07952
Mobile;07953
Mobile;079560
Mobile;079561
Mobile;079562
Mobile;079563
Mobile;079564
Mobile;079565
Mobile;079566
Mobile;079567
Mobile;079568
Mobile;079569
Mobile;07957
Mobile;07958
Mobile;07959
Mobile;07960
Mobile;07961
Mobile;07962
Mobile;07966
Mobile;07967
Mobile;07968
Mobile;07970
Mobile;07971
Mobile;07973
Mobile;07974
Mobile;07976
Mobile;07977
Mobile;07979
Mobile;07980
Mobile;07984
Mobile;07985
Mobile;07986
Mobile;07987
Mobile;07989
Mobile;07990